1427713164185913000; 6,2464724; 1,2641385; -10,442909;
1427713164198638000; 5,29358; 1,091756; -11,84651;
1427713164211486000; 4,8680105; 0,93493575; -11,370064;
1427713164224151000; 4,736928; 0,8403648; -9,934141;
1427713164236724000; 4,969166; 0,4297592; -8,261193;
1427713164248443000; 5,7628436; 0,35254622; -6,299743;
1427713164261108000; 7,073669; 0,24480712; -4,1683054;
1427713164273651000; 8,5778265; 0,11372458; -2,1092918;
1427713164286254000; 11,2132435; 0,29747957; 0,61770403;
1427713164298675000; 15,259444; 0,14784196; 3,442862;
1427713164311126000; 19,114708; 0,676362; 5,535394;
1427713164323669000; 19,612701; 2,0763714; 7,240066;
1427713164337341000; 19,612701; 3,5942953; 8,792706;
1427713164351409000; 19,612701; 4,292804; 10,91756;
1427713164363922000; 19,612701; 3,3117795; 13,462596;
1427713164376464000; 15,444995; 2,3983915; 14,607623;
1427713164389038000; 12,020688; 1,650802; 13,023859;
1427713164401580000; 10,414778; 1,5699978; 9,922769;
1427713164414123000; 9,23683; 0,9911995; 5,9424086;
1427713164426849000; 7,339425; 0,30166942; 1,1085154;
1427713164439361000; 5,093664; 0,85891986; -3,7349546;
1427713164451507000; 3,6876693; 1,401805; -7,9248075;
1427713164464050000; 3,5613751; 1,9045875; -11,40897;
1427713164476593000; 4,9218802; 1,8070238; -14,188039;
1427713164489135000; 6,367978; 1,0726024; -13,683461;
1427713164501708000; 8,161834; 0,7793127; -11,519701;
1427713164514038000; 9,846753; 0,74399817; -8,727464;
1427713164526580000; 10,813412; 0,46327803; -6,1285577;
1427713164540069000; 11,6669445; 0,5327099; -3,7421372;
1427713164552825000; 12,805986; 0,9103952; -1,2916719;
1427713164565429000; 14,188039; 1,489792; 0,9163807;
1427713164578979000; 16,203358; 1,8321629; 2,5540147;
1427713164593505000; 17,890673; 2,0189106; 3,9983168;
1427713164606140000; 18,999187; 2,0859482; 6,977302;
1427713164619262000; 17,407642; 2,223615; 11,52868;
1427713164631225000; 14,733318; 1,9123687; 15,131953;
1427713164650634000; 10,712257; 1,3299791; 16,499641;
1427713164662597000; 8,644864; 1,7884687; 13,145365;
1427713164675476000; 7,814076; 2,8904; 9,338584;
1427713164691528000; 6,7588315; 2,558803; 5,2564697;
1427713164704437000; 5,3683987; 2,1380222; 2,7485435;
1427713164718597000; 5,8005524; 1,5885528; 1,1731589;
1427713164731079000; 6,907272; 2,0350714; -1,3790601;
1427713164743774000; 8,426393; 2,3642743; -4,9320555;
1427713164756317000; 9,888053; 2,3038206; -7,6482773;
1427713164775482000; 12,822147; 1,9033904; -9,788095;
1427713164788757000; 13,918692; 1,7340006; -8,772355;
1427713164801239000; 13,870808; 1,4909891; -7,1006036;
1427713164813812000; 13,608044; 1,3946224; -4,8937483;
1427713164826568000; 13,484144; 1,6136919; -3,0442274;
1427713164839416000; 13,785214; 1,7723078; -1,5915456;
1427713164851959000; 14,498687; 2,180519; 0,20350714;
1427713164864593000; 15,439609; 2,5528176; 1,8644845;
1427713164877136000; 16,547525; 2,40318; 3,793014;
1427713164889038000; 16,633717; 2,5222914; 5,21098;
1427713164908050000; 16,32187; 2,2008698; 7,627328;
1427713164920227000; 13,107058; 1,0432734; 11,3802395;
1427713164932739000; 8,909423; 0,64823014; 15,342045;
1427713164944976000; 6,631939; 0,19632454; 16,279375;
1427713164957641000; 6,0303955; 0,5734113; 13,6493435;
1427713164974029000; 5,543774; 1,5149311; 8,232463;
1427713164990478000; 5,501277; 1,5035586; 4,727351;
1427713165008422000; 5,8741736; 0,6697779; 1,785476;
1427713165021118000; 5,9142766; 0,20111294; -0,0700304;
1427713165035888000; 5,9280434; -0,11312603; -2,7820623;
1427713165055114000; 6,362591; -0,8319851; -6,1638722;
1427713165068786000; 7,2592196; -0,700304; -8,816648;
1427713165081665000; 9,530719; -0,20111294; -10,076596;
1427713165094177000; 12,270284; 0,10055647; -10,330381;
1427713165107269000; 14,013861; -0,08080431; -9,184756;
1427713165120819000; 15,139734; -0,16280572; -6,622362;
1427713165133392000; 16,045341; -0,0035913025; -3,13401;
1427713165146026000; 17,18498; -0,21188685; 0,35553896;
1427713165158569000; 18,716074; -0,20470424; 3,2040405;
1427713165172393000; 19,612701; 0,17417817; 5,067328;
1427713165185180000; 19,612701; 0,9816227; 5,835268;
1427713165205902000; 19,612701; 1,1683705; 6,851607;
1427713165221771000; 18,875887; -0,39444473; 8,589797;
1427713165234497000; 12,573151; -1,5711949; 11,667543;
1427713165247039000; 7,7081323; -1,4933833; 13,669695;
1427713165259643000; 5,070919; -1,5933412; 12,897565;
1427713165272186000; 4,4101195; -1,1534066; 10,668563;
1427713165285186000; 3,9761705; -0,374094; 7,0940194;
1427713165300598000; 2,7515364; -0,21906945; 2,2744915;
1427713165315704000; 1,1408371; -0,21428105; -1,0648212;
1427713165331481000; 0,22625206; -0,61890113; -2,9293058;
1427713165344024000; 1,4706384; -0,6218939; -4,914099;
1427713165356994000; 4,478953; -0,35254622; -6,8563952;
1427713165369781000; 8,300098; -0,91458505; -8,59698;
1427713165382476000; 10,912173; -0,7787141; -9,014768;
1427713165397064000; 13,632585; -1,7675194; -7,1466923;
1427713165409729000; 14,54717; -1,9027919; -4,043208;
1427713165422454000; 15,506047; -2,5222914; -1,1264719;
1427713165437652000; 16,639702; -2,8975825; 1,5532384;
1427713165453094000; 19,317019; -2,4049757; 4,7483006;
1427713165468414000; 19,612701; -1,5065514; 6,76781;
1427713165481231000; 19,612701; -0,36631286; 7,81647;
1427713165493804000; 19,612701; 0,012569559; 8,22528;
1427713165512451000; 19,612701; -0,63206923; 7,77517;
1427713165525024000; 16,53256; -1,6962919; 8,076839;
1427713165538818000; 11,422736; -1,9602526; 8,209119;
1427713165552093000; 7,2065473; -1,8686744; 8,476072;
1427713165564880000; 3,9618053; -1,389834; 8,802881;
1427713165576599000; 2,042254; -1,4251486; 8,914211;
1427713165592224000; -0,062249243; -0,6314707; 8,1402855;
1427713165605468000; -0,82240826; 0,16460137; 5,8364654;
1427713165618072000; -2,1751323; 0,88944596; 2,6982653;
1427713165630767000; -3,0148985; 0,83976626; 0,2088941;
1427713165643310000; -2,7802668; -0,18016368; -0,6362591;
1427713165655883000; -1,1145009; -0,9552865; -1,2623428;
1427713165669372000; 2,6527755; -1,6436194; -1,8267759;
1427713165683624000; 6,92044; -1,9249382; -3,5290532;
1427713165697265000; 11,930307; -1,46585; -5,394735;
1427713165709350000; 15,737088; -1,6059108; -5,7161565;
1427713165721954000; 18,629883; -1,769315; -3,5206735;
1427713165734680000; 19,612701; -1,4969746; 0,11312603;
1427713165749114000; 19,612701; -1,2605472; 3,7846344;
1427713165761993000; 19,612701; -0,6859388; 7,102998;
1427713165774475000; 19,612701; -0,2873042; 8,467693;
1427713165787048000; 19,612701; -0,20530279; 9,129689;
1427713165799621000; 19,612701; 0,03172317; 9,272743;
1427713165812377000; 18,97764; -0,25258827; 8,59279;
1427713165824890000; 14,890738; -0,57640404; 7,5351515;
1427713165837402000; 10,895413; -1,3204023; 7,7530236;
1427713165850952000; 6,6804214; -1,1168951; 9,3583355;
1427713165866333000; 2,8221653; -1,3305776; 10,819996;
1427713165878997000; 0,57999533; -1,7776948; 10,375872;
1427713165895843000; 0,14065935; -2,304419; 6,9527617;
1427713165915618000; -1,9369092; -1,3215994; 0,91099375;
1427713165930480000; -2,6360161; -1,8734628; -2,517503;
1427713165946533000; -0,18674773; -1,4856021; -5,559935;
1427713165965820000; 5,7347116; -1,4466964; -10,032304;
1427713165979492000; 9,078215; -1,9285295; -11,723208;
1427713165997131000; 12,640786; -2,3523033; -9,698911;
1427713166009735000; 14,8237; -2,8089972; -6,505645;
1427713166022247000; 16,022596; -3,1453824; -3,6565444;
1427713166035095000; 17,204134; -3,353678; -0,2681506;
1427713166048583000; 19,503166; -3,1890767; 2,9646204;
1427713166071685000; 19,612701; -2,4917655; 4,9506106;
1427713166084808000; 19,612701; -0,83617496; 5,9867015;
1427713166099365000; 19,612701; -0,46267948; 5,5701103;
1427713166116302000; 19,612701; -1,1779473; 5,231331;
1427713166129791000; 14,801554; -2,0278888; 6,600814;
1427713166148956000; 9,370307; -1,9063832; 8,844181;
1427713166164306000; 6,2781954; -1,6466122; 9,209297;
1427713166182403000; 4,654328; -1,3605051; 7,8128786;
1427713166197692000; 3,5434184; -0,4950012; 3,7181952;
1427713166210479000; 2,2104468; 0,1448492; 1,2611457;
1427713166226318000; -0,061052144; 0,5386954; -0,9211691;
1427713166244140000; -1,9632454; 0,5033809; -2,670732;
1427713166262512000; -0,18854338; -0,0676362; -4,285621;
1427713166275299000; 2,6126726; -0,40641573; -5,5467668;
1427713166287872000; 5,7867856; -1,1893197; -5,873575;
1427713166300384000; 9,159617; -1,774702; -5,8280854;
1427713166313049000; 12,111668; -2,5917234; -4,8859673;
1427713166325714000; 14,23293; -2,9604304; -3,2788591;
1427713166338256000; 16,284163; -3,2399535; -1,4814123;
1427713166349945000; 18,471266; -3,401562; 0,49919105;
1427713166362609000; 19,612701; -2,9532478; 3,4195185;
1427713166380523000; 19,612701; -2,432509; 5,4498014;
1427713166396881000; 19,612701; -1,903989; 6,5607114;
1427713166409515000; 19,612701; -1,0600328; 6,447585;
1427713166422058000; 19,612701; -0,8750807; 6,1219735;
1427713166434326000; 18,801666; -0,80205756; 5,281609;
1427713166446807000; 15,443199; -0,7691373; 4,767454;
1427713166460449000; 12,814366; -0,89423436; 4,353257;
1427713166473602000; 10,180145; -1,4413095; 4,1946416;
1427713166489776000; 6,8719573; -2,235586; 3,6870706;
1427713166502319000; 3,5452142; -2,445677; 3,3423057;
1427713166514038000; 1,0773908; -1,845331; 3,4847605;
1427713166527404000; -1,2024878; -1,0474633; 2,96881;
1427713166540283000; -3,1992521; -0,5650316; 1,1438298;
1427713166553161000; -3,7499185; -0,20829555; -0,5835867;
1427713166565765000; -3,4871547; -0,50996494; -1,7621324;
1427713166578857000; -2,1906946; -1,0959458; -2,15538;
1427713166591674000; 0,74399817; -1,2689269; -2,0033484;
1427713166608337000; 4,9069166; -1,5981296; -2,4079683;
1427713166621002000; 8,585608; -1,9488802; -3,3321302;
1427713166633514000; 11,368867; -2,343325; -4,1880574;
1427713166646057000; 14,428058; -2,5558102; -3,6535518;
1427713166659484000; 17,323246; -2,4624364; -1,7238252;
1427713166672058000; 19,612701; -1,7160441; 1,400608;
1427713166684600000; 19,612701; -0,6254852; 3,2381577;
1427713166697174000; 19,612701; 0,35194764; 3,685275;
1427713166711639000; 19,612701; 0,84096336; 2,693477;
1427713166726684000; 19,612701; 0,18315643; 2,3505075;
1427713166742279000; 19,05186; -0,7248446; 2,3630772;
1427713166758666000; 15,066711; -0,90740246; 1,988983;
1427713166771301000; 12,155961; -1,4425066; 1,6059108;
1427713166783782000; 9,11293; -2,7670987; 2,0260932;
1427713166796295000; 4,8159366; -3,572149; 4,1018662;
1427713166810943000; 0,44232875; -2,528277; 7,48607;
1427713166826080000; -1,7884687; -1,1815386; 8,111555;
1427713166841644000; -4,5406036; -0,24720132; 5,493496;
1427713166856750000; -6,0130377; 0,55365914; 1,6436194;
1427713166873748000; -4,5136685; -0,1340753; -1,1384429;
1427713166887359000; -0,5626374; -0,96546185; -2,1296425;
1427713166899993000; 3,7792473; -0,6853402; -3,590704;
1427713166912475000; 7,9050555; -0,79487497; -5,130774;
1427713166925140000; 11,422736; -1,1528081; -6,5762734;
1427713166941619000; 14,595653; -1,4281414; -6,361394;
1427713166957916000; 16,60738; -2,2493525; -4,6657004;
1427713166970581000; 17,432182; -2,6390088; -2,6647465;
1427713166984771000; 18,35814; -2,759916; -0,30885202;
1427713167000244000; 19,612701; -2,391209; 1,2785037;
1427713167012908000; 19,612701; -1,910573; 2,1865046;
1427713167028472000; 19,612701; -0,7661445; 2,7042508;
1427713167041198000; 19,612701; -0,37229836; 2,8862102;
1427713167053070000; 19,612701; -0,3752911; 2,9388826;
1427713167065765000; 18,505383; -1,0708067; 3,401562;
1427713167078491000; 14,726735; -2,0590134; 4,5872903;
1427713167091156000; 11,057022; -2,6797101; 5,728726;
1427713167103820000; 7,946954; -3,0681696; 6,7749925;
1427713167116485000; 5,185841; -2,6701334; 7,639898;
1427713167129180000; 3,8145618; -1,79206; 7,086837;
1427713167141784000; 2,6982653; -1,0642227; 4,3305125;
1427713167154479000; 1,5532384; -0,18315643; 1,0414777;
1427713167167205000; -0,4938041; 0,07062895; -2,2523453;
1427713167179901000; -2,4690206; 0,13946225; -4,4184995;
1427713167192565000; -1,4700398; -0,10474633; -5,0882773;
1427713167205230000; 1,423353; -0,25977087; -5,7305217;
1427713167217773000; 4,869208; -0,84096336; -7,299921;
1427713167230438000; 8,413823; -1,7082629; -8,547898;
1427713167245361000; 11,264719; -2,308609; -8,507795;
1427713167258026000; 12,682685; -2,9580362; -6,6145806;
1427713167270599000; 13,546991; -3,7355533; -4,2179847;
1427713167283355000; 15,39771; -3,9905357; -1,086369;
1427713167296264000; 18,499397; -3,6762967; 1,3006501;
1427713167308746000; 19,612701; -3,0095115; 2,8341362;
1427713167321228000; 19,612701; -2,0895395; 2,837129;
1427713167333801000; 19,612701; -1,1055226; 2,4666264;
1427713167345397000; 19,612701; -1,0893618; 2,60968;
1427713167357940000; 19,612701; -1,448492; 2,991555;
1427713167370422000; 17,625515; -2,146402; 3,8696284;
1427713167382934000; 13,552978; -2,078167; 5,9400144;
1427713167395416000; 10,468647; -1,7830818; 7,466318;
1427713167408081000; 7,751827; -2,0937295; 8,248025;
1427713167420745000; 5,358822; -1,7172412; 7,1993647;
1427713167433410000; 4,4238863; -1,1833342; 5,0547585;
1427713167446716000; 2,7275944; -0,18674773; 1,7124528;
1427713167460235000; 0,62129533; 0,6051345; -2,0644004;
1427713167473846000; -2,0165164; 1,0241197; -5,153519;
1427713167487091000; -2,920926; 0,64942724; -5,366603;
1427713167500457000; -1,590947; -0,074220255; -4,8907557;
1427713167514190000; 1,2551602; -0,9600749; -4,9799395;
1427713167529144000; 5,0284224; -1,5562311; -5,949591;
1427713167542724000; 7,8793178; -2,296638; -7,217321;
1427713167556579000; 10,66557; -3,2004492; -7,2508397;
1427713167570129000; 13,043611; -3,8175547; -5,5647235;
1427713167584167000; 15,815498; -3,83192; -3,3123782;
1427713167598083000; 19,546263; -3,2974143; -1,1899183;
1427713167612030000; 19,612701; -2,2242134; 0,3645172;
1427713167625122000; 19,612701; -1,2916719; 1,316811;
1427713167639129000; 19,612701; -0,6536171; 1,9339164;
1427713167653045000; 19,612701; -0,4950012; 3,0310593;
1427713167666198000; 19,612701; -1,2024878; 4,3382936;
1427713167680084000; 15,814899; -1,3461399; 5,08708;
1427713167694030000; 11,654974; -1,1988965; 5,2289367;
1427713167707458000; 8,441357; -1,6352397; 4,818331;
1427713167721435000; 4,2275615; -2,2547395; 4,4723687;
1427713167735382000; -0,9504981; -1,8734628; 2,5923219;
1427713167748596000; -4,460996; -1,1713632; -0,46148238;
1427713167762481000; -5,5605335; -0,7577648; -2,8939912;
1427713167776489000; -4,867412; -0,0796072; -3,9869444;
1427713167789642000; -1,9141643; -0,4381389; -4,6040497;
1427713167803344000; 1,8070238; -0,86490536; -5,60722;
1427713167817291000; 5,9465985; -1,3281834; -6,277597;
1427713167830963000; 10,308235; -1,2108675; -5,547964;
1427713167845245000; 14,088081; -0,40880993; -2,5905263;
1427713167857788000; 17,436373; 0,039504327; 1,2126632;
1427713167870513000; 19,612701; 0,79008657; 3,6463692;
1427713167883789000; 19,612701; 1,0043676; 5,0559554;
1427713167898284000; 19,612701; 0,57760113; 7,0407486;
1427713167910949000; 19,612701; 0,35673606; 9,176376;
1427713167926483000; 18,947113; -0,108936176; 9,575011;
1427713167941284000; 16,64449; -0,33279404; 8,329428;
1427713167958465000; 10,818799; -1,3180081; 5,6215854;
1427713167971008000; 5,3522377; -1,0522517; 3,1238346;
1427713167982818000; 0,43155485; 0,320823; -0,004189853;
1427713167999328000; -4,4143095; 1,9716251; -3,0382419;
1427713168014465000; -4,540005; 3,1358056; -2,0901382;
1427713168033325000; 2,0679917; 2,7377696; 0,79846627;
1427713168048553000; 5,817312; 1,1049241; 2,4319103;
1427713168065307000; 7,863157; 0,3226187; 5,029021;
1427713168082153000; 8,171411; 0,29628247; 7,805696;
1427713168099487000; 8,772954; -0,11552023; 9,674371;
1427713168115692000; 9,5570545; 0,7236475; 11,294048;
1427713168127532000; 10,679935; 2,4259248; 12,586318;
1427713168146728000; 11,324574; 0,79487497; 12,755708;
1427713168160522000; 9,037513; 0,4866215; 11,071986;
1427713168173156000; 5,5288105; 0,36511576; 10,398617;
1427713168186981000; 1,9961656; 0,39504328; 11,066599;
1427713168199554000; -1,6675615; 0,2160767; 11,934497;
1427713168213470000; -5,4402246; -0,26515785; 15,076288;
1427713168231658000; -8,290522; -0,79487497; 15,935806;
1427713168247344000; -7,4405804; -1,3060371; 12,7814455;
1427713168260070000; -4,220379; -0,7811083; 9,160814;
1427713168271850000; -0,19931729; -0,038307227; 7,7709804;
1427713168287292000; 6,603208; 1,6705543; 7,445369;
1427713168302764000; 12,964004; 4,1180267; 6,951565;
1427713168316314000; 16,030975; 4,8189297; 3,9384618;
1427713168330749000; 16,254236; 4,548983; 1,525705;
1427713168346343000; 15,355212; 3,6218286; 1,3958195;
1427713168359039000; 14,106636; 2,3588872; 3,484162;
1427713168372497000; 12,158355; 1,9087774; 5,1756654;
1427713168385101000; 8,875306; 0,61530983; 5,916671;
1427713168396881000; 5,084686; -0,480636; 7,2262993;
1427713168413146000; -0,6811504; -1,5568297; 12,0159;
1427713168430908000; -7,683592; -1,6771383; 18,755577;
1427713168444091000; -9,264962; -2,9179332; 18,249802;
1427713168457427000; -8,526351; -2,8874073; 14,566921;
1427713168469940000; -7,410054; -2,3852234; 11,820174;
1427713168482452000; -6,2075663; -1,1139023; 10,827179;
1427713168494995000; -4,722563; -0,5530606; 11,728596;
1427713168507537000; -2,8933928; -0,23822308; 11,821371;
1427713168520050000; 1,714847; 0,8206126; 10,682928;
1427713168532714000; 8,632893; 2,741361; 8,666411;
1427713168547821000; 14,766837; 5,4324436; 4,0503907;
1427713168564971000; 16,284761; 5,424064; 0,66618663;
1427713168578338000; 15,239693; 4,2730513; 0,88166475;
1427713168591796000; 13,383588; 3,1597476; 2,9993362;
1427713168604339000; 11,504738; 1,8076223; 3,8325183;
1427713168616882000; 7,5207863; -1,7585411; 7,765593;
1427713168629455000; 6,4499793; 2,0368671; 10,672154;
1427713168642272000; 1,407192; -0,33877954; 13,177088;
1427713168654693000; -4,3065705; -1,1079168; 15,20797;
1427713168668701000; -8,717887; -2,2631192; 17,149069;
1427713168681579000; -10,457274; -3,063381; 16,66125;
1427713168693817000; -9,941324; -2,7623103; 14,877569;
1427713168706481000; -9,246407; -1,9764135; 12,61026;
1427713168720642000; -6,307524; -0,7691373; 11,806407;
1427713168732849000; -3,108871; 0,24959552; 11,832145;
1427713168745666000; -0,2741361; 1,4694413; 12,11107;
1427713168758422000; 2,7180176; 2,4534583; 10,941502;
1427713168771820000; 5,679645; 3,6248214; 8,319851;
1427713168783599000; 6,7241154; 3,7672763; 5,4258595;
1427713168796356000; 6,3745623; 3,2872388; 3,5954924;
1427713168811157000; 6,089652; 2,6844985; 3,942053;
1427713168824462000; 5,9639564; 1,9937714; 5,7424927;
1427713168838928000; 5,2139726; 1,1976994; 7,951742;
1427713168858367000; 2,7581203; 0,19991584; 11,905168;
1427713168873077000; 1,2449849; -0,23343466; 13,593678;
1427713168885864000; 0,5506664; -0,4165911; 13,786412;
1427713168898895000; 0,8870517; -0,28311434; 14,189237;
1427713168915069000; 1,1725603; 0,3333926; 14,055161;
1427713168927917000; 1,8614918; 0,6356605; 13,7367325;
1427713168940643000; 0,5686229; 0,7751228; 14,10963;
1427713168953796000; -0,23163901; 0,4902128; 12,897565;
1427713168966400000; -0,1364695; -0,30825347; 10,369886;
1427713168979187000; 0,36391866; -0,75357497; 9,138069;
1427713168994354000; 2,223615; -0,0712275; 7,8703394;
1427713169006530000; 5,2037973; 0,31064767; 6,7929487;
1427713169020324000; 8,962095; 1,6490064; 5,9477954;
1427713169036773000; 10,680533; 2,3349452; 3,7828386;
1427713169057281000; 11,697471; 2,6180596; 2,5001452;
1427713169073059000; 11,015722; 2,705448; 3,1974564;
1427713169086730000; 9,993398; 2,4600422; 4,531027;
1427713169100006000; 7,2867527; 1,3311762; 6,758233;
1427713169112701000; 3,8492777; 0,08559271; 11,283274;
1427713169126220000; 0,02813187; -0,3842694; 15,4324255;
1427713169142700000; -0,55725044; -0,7703344; 15,381549;
1427713169159790000; 2,006341; -0,59855044; 14,452;
1427713169172637000; 3,6296098; 0,6344634; 14,49749;
1427713169185913000; 5,6856303; 1,1097125; 13,342886;
1427713169203735000; 7,802105; 0,49919105; 9,630676;
1427713169221343000; 9,51755; 0,7846996; 6,9437833;
1427713169235504000; 11,719617; 1,6645688; 4,896741;
1427713169250061000; 13,835493; 2,5582044; 0,110133275;
1427713169268310000; 13,556568; 2,2876596; -4,5220485;
1427713169280853000; 12,471396; 1,7860745; -3,7840357;
1427713169295043000; 11,394006; 1,4867992; -2,3277626;
1427713169308013000; 11,191097; 0,7356185; -0,5614403;
1427713169320678000; 10,347141; 0,10534488; 1,7262194;
1427713169341644000; 8,661623; -0,65242; 6,7402763;
1427713169355926000; 5,357026; -1,5987282; 12,030864;
1427713169376342000; -1,2395979; -1,7298107; 19,612701;
1427713169391906000; -1,7154455; -2,2667105; 19,612701;
1427713169406402000; 1,3874398; -1,3946224; 19,222446;
1427713169422851000; 4,6058455; 0,29209262; 15,333066;
1427713169441101000; 6,570288; 1,8166006; 12,2224;
1427713169455718000; 7,3938932; 1,1815386; 10,220847;
1427713169475677000; 8,037933; 0,93972415; 7,928399;
1427713169490631000; 10,561422; 1,9075803; 1,1444284;
1427713169504150000; 12,133216; 1,4903905; -3,6846764;
1427713169518066000; 13,365631; 1,5993267; -7,2544312;
1427713169532653000; 13,528437; 0,88405895; -8,560468;
1427713169545288000; 13,03164; 0,39504328; -6,825869;
1427713169557861000; 12,927492; 0,23163901; -4,095282;
1427713169570526000; 14,00189; 0,050876785; -0,035314474;
1427713169585479000; 14,84405; -0,047285482; 4,1545386;
1427713169598175000; 15,374965; -0,60693014; 8,86932;
1427713169610717000; 14,322713; -1,4520833; 12,43728;
1427713169623443000; 12,0093155; -1,91596; 15,492281;
1427713169636077000; 9,044696; -1,6238673; 19,124285;
1427713169648742000; 5,257068; -0,78050977; 19,612701;
1427713169661315000; 4,4807487; -0,1352724; 18,01936;
1427713169673797000; 4,9458222; 0,8206126; 14,454394;
1427713169688842000; 4,5962687; 2,5378537; 8,301894;
1427713169702880000; 2,7641058; 3,198055; 3,0963013;
1427713169728027000; 0,9888053; 2,8880057; -2,0452468;
1427713169743835000; 4,1216183; 2,9269116; -6,297349;
1427713169756195000; 6,175245; 2,417545; -7,6213427;
1427713169768768000; 8,510789; 1,6280571; -7,5710645;
1427713169785125000; 11,327567; 1,1450269; -4,249708;
1427713169800567000; 14,265851; 1,4981717; -1,54845;
1427713169813873000; 16,300323; 1,4862007; 0,97503865;
1427713169826477000; 16,013618; 1,1779473; 3,5212722;
1427713169839202000; 15,55453; 1,1881226; 6,706159;
1427713169851776000; 14,52622; 1,3371617; 9,465476;
1427713169868225000; 12,464812; 0,8265981; 12,006922;
1427713169883178000; 6,779182; -0,094570965; 16,866552;
1427713169896606000; 3,7325604; 0,8158242; 17,663822;
1427713169909210000; 4,098873; 1,2737153; 14,244902;
1427713169921691000; 4,706402; 2,3948002; 10,792462;
1427713169936279000; 5,167286; 3,2632968; 7,4124484;
1427713169948699000; 4,611831; 3,3303347; 5,269039;
1427713169961303000; 4,9745526; 3,508104; 3,9163153;
1427713169973968000; 5,963358; 3,6900635; 1,6136919;
1427713169986602000; 7,137714; 3,2632968; -1,881244;
1427713169998382000; 8,9998045; 3,4853592; -4,264672;
1427713170010894000; 11,616068; 3,803788; -4,646547;
1427713170023468000; 13,354259; 4,061165; -3,5368345;
1427713170037475000; 15,02182; 3,5691562; -0,90021986;
1427713170050018000; 15,401899; 2,9071593; 1,6166847;
1427713170062866000; 14,639945; 2,657564; 3,6086605;
1427713170075622000; 13,327922; 1,8501194; 5,8741736;
1427713170088684000; 11,945271; 1,3634979; 8,707711;
1427713170101226000; 8,783129; 0,05805939; 12,683284;
1427713170114379000; 4,0144777; -0,47225627; 17,776947;
1427713170127197000; 0,80325466; 0,24121583; 18,346767;
1427713170139343000; 1,5185224; 0,79487497; 14,920665;
1427713170152893000; 2,1051018; 2,498948; 11,285668;
1427713170165588000; 3,0945058; 3,8097734; 7,4866686;
1427713170184143000; 3,705027; 3,9055414; 3,6996403;
1427713170196716000; 5,1642933; 3,383007; 0,95947635;
1427713170209320000; 5,895123; 2,7503393; -1,6466122;
1427713170221923000; 8,871715; 2,3989902; -2,8473043;
1427713170234558000; 12,66413; 2,8395233; -4,545392;
1427713170248168000; 14,845247; 2,4432828; -5,1104236;
1427713170260894000; 16,048334; 2,0500352; -3,0759506;
1427713170273437000; 18,49042; 2,098518; 0,38486794;
1427713170285430000; 19,612701; 2,5899277; 3,2788591;
1427713170298248000; 19,612701; 2,7156234; 4,8620253;
1427713170310943000; 18,832191; 2,0320787; 5,90889;
1427713170329345000; 15,814899; 1,4191631; 6,928221;
1427713170342010000; 10,770915; 1,2587515; 8,768166;
1427713170355895000; 6,341642; 1,7345991; 11,119271;
1427713170369476000; 1,4041992; 0,8391677; 13,92348;
1427713170381225000; -2,243367; 1,6053122; 15,515624;
1427713170394439000; -2,719813; 1,9434932; 15,416863;
1427713170407135000; -1,4873978; 2,3289597; 14,613608;
1427713170427307000; 0,20949265; 2,9706059; 9,743204;
1427713170441680000; 1,7872716; 1,5807717; 8,444948;
1427713170454223000; 2,3798366; 0,2693477; 6,3326635;
1427713170466918000; 3,6343982; -0,5506664; 6,8557963;
1427713170479949000; 5,6904187; 0,0700304; 6,747459;
1427713170491760000; 9,57142; 0,46088383; 5,439028;
1427713170504730000; 14,206594; 0,5177461; 0,64703304;
1427713170517822000; 17,673998; 0,95947635; -3,927688;
1427713170529815000; 19,612701; 1,0384849; -4,6591167;
1427713170545593000; 19,612701; 1,8602947; -2,7569232;
1427713170559234000; 19,612701; 1,3299791; -0,25318682;
1427713170572784000; 19,612701; 0,85652566; 0,9415198;
1427713170586029000; 18,674774; -0,29987377; 1,9913772;
1427713170598571000; 14,901511; -1,2246342; 2,3953989;
1427713170611328000; 11,453861; -2,168548; 2,7515364;
1427713170625671000; 8,315661; -2,3068132; 0,14903906;
1427713170638092000; 3,525462; -2,9765913; 0,23642741;
1427713170654449000; -5,6179943; 0,48362875; 2,0153193;
1427713170668426000; -11,434109; 2,9334955; 1,8363527;
1427713170681091000; -12,980165; 3,7720647; -0,54527944;
1427713170693786000; -11,075577; 2,556409; -3,4075475;
1427713170706390000; -6,951565; 0,6901286; -4,2383356;
1427713170718933000; -3,0053217; -1,5921441; -3,6212301;
1427713170731475000; 1,110311; -4,208408; -2,7964275;
1427713170744049000; 7,1125746; -6,0046577; -2,7365725;
1427713170756195000; 12,73416; -6,5230026; -4,4077253;
1427713170768737000; 16,85877; -7,560889; -6,3751607;
1427713170784423000; 19,612701; -8,766968; -5,0960584;
1427713170799896000; 19,612701; -8,293514; -0,79487497;
1427713170813934000; 19,612701; -6,6283474; 0,06703765;
1427713170829193000; 19,612701; -4,8297033; 0,02932897;
1427713170843933000; 19,612701; -4,0252514; 2,135628;
1427713170859130000; 19,612701; -3,4883518; 3,6619315;
1427713170874511000; 19,48521; -3,6780925; 2,858677;
1427713170891448000; 13,436858; -2,855684; 1,2671312;
1427713170906921000; 9,618706; -2,2403743; -0,090979666;
1427713170924072000; 8,588001; -2,1990743; 0,207697;
1427713170943847000; 5,5000796; -3,3345244; 3,6284127;
1427713170960418000; 1,9590555; -1,5574282; 9,076419;
1427713170978302000; 0,5955577; -1,3132197; 10,525509;
1427713170993072000; -1,4820108; -0,57999533; 7,7129207;
1427713171008697000; -1,6567876; -0,10654198; 6,045359;
1427713171024932000; -2,6910827; -0,80445176; 3,5811272;
1427713171043182000; -2,3828292; -1,9614497; 0,16101007;
1427713171057586000; -0,6799533; -3,2393548; -1,7830818;
1427713171072052000; 3,719991; -3,5751417; -3,2561142;
1427713171085876000; 9,0315275; -3,4919431; -4,4783545;
1427713171099822000; 14,628572; -2,5198972; -6,233304;
1427713171114807000; 19,612701; -1,2431892; -8,91481;
1427713171128723000; 19,612701; -0,48362875; -10,427945;
1427713171143127000; 19,612701; -0,0077811554; -7,8236527;
1427713171155792000; 19,612701; -0,11851298; -4,1623197;
1427713171170257000; 19,612701; -0,33279404; -0,8146271;
1427713171185363000; 19,612701; -0,6392518; -0,7553706;
1427713171197906000; 19,612701; -0,1945289; 0,24121583;
1427713171210449000; 17,139492; 0,30286652; 2,1888988;
1427713171222991000; 14,510658; 0,8972271; 3,6403837;
1427713171244079000; 10,95467; 0,9487024; 4,197036;
1427713171256164000; 7,405266; -0,25318682; 5,318719;
1427713171268768000; 2,717419; -0,7625532; 8,319851;
1427713171281311000; -1,3706805; -0,48003745; 11,282676;
1427713171293884000; -4,5501804; -0,17298107; 12,600683;
1427713171306488000; -6,229713; 0,035314474; 9,975441;
1427713171318695000; -6,364985; 0,8026561; 6,5403605;
1427713171331268000; -4,1533413; 0,06703765; 3,5942953;
1427713171343841000; -1,5885528; -0,90261406; 1,8309658;
1427713171356964000; 2,7910407; -1,4580688; 0,05267244;
1427713171371978000; 8,080431; -1,2024878; -3,0801406;
1427713171386322000; 12,685678; -1,287482; -5,4605756;
1427713171398925000; 16,757616; -1,210269; -5,5443726;
1427713171411468000; 19,612701; -0,6386533; -4,5202527;
1427713171423950000; 19,612701; 0,17836803; -3,8115692;
1427713171435882000; 19,612701; 0,7326257; -2,4678235;
1427713171449859000; 19,612701; 0,48602295; 0,4333505;
1427713171464111000; 19,612701; 0,3788824; 2,9293058;
1427713171476959000; 19,612701; -0,19931729; 3,466804;
1427713171489532000; 19,612701; -1,0354922; 3,3722332;
1427713171502075000; 16,300323; -1,4359225; 3,4386723;
1427713171514038000; 12,562376; -1,352724; 3,4542346;
1427713171528900000; 8,605359; -1,146224; 2,9430726;
1427713171545593000; 3,9522285; -1,9009962; 3,0879216;
1427713171560943000; -2,4893713; -2,0260932; 5,104438;
1427713171575958000; -6,5247984; -1,5221137; 8,13849;
1427713171590637000; -7,7943234; -1,1270704; 7,2622123;
1427713171605377000; -5,985504; -1,1348516; 3,4302924;
1427713171618682000; -3,2309752; -1,7890673; 0,35254622;
1427713171633148000; 1,0737995; -2,9496565; -0,59376204;
1427713171648254000; 6,573281; -2,6491842; -1,2773066;
1427713171660766000; 12,067375; -2,0141222; -3,1232362;
1427713171673187000; 17,96549; 0,20171149; -4,863222;
1427713171685668000; 19,612701; 2,6288335; -5,673061;
1427713171698089000; 19,612701; 3,2788591; -6,3105173;
1427713171710632000; 19,612701; 3,7684734; -4,4837413;
1427713171723175000; 19,612701; 2,9640217; -0,46148238;
1427713171735748000; 19,612701; 1,894412; 2,7072437;
1427713171748260000; 19,612701; 1,2629414; 5,575497;
1427713171760864000; 16,850391; 0,0035913025; 5,096657;
1427713171777130000; 12,421119; 0,19692309; 4,494515;
1427713171791625000; 9,451111; 0,82121116; 3,2441432;
1427713171806060000; 6,537368; 1,4508862; 1,4862007;
1427713171821960000; 1,7729063; 1,7399861; 0,480636;
1427713171836700000; -2,1511903; 1,6316484; 1,1168951;
1427713171849273000; -6,035184; 1,7310078; 1,1031284;
1427713171864257000; -8,410232; 1,7477672; 2,4432828;
1427713171878662000; -7,805696; 1,3245921; 3,0484173;
1427713171893157000; -5,097854; 0,08259996; 1,9351135;
1427713171907928000; -0,78290397; -2,1948843; 0,10175357;
1427713171924652000; 3,549404; -3,9683893; -0,61411273;
1427713171939666000; 9,593566; -4,0898952; 0,2717419;
1427713171952117000; 15,992669; -2,693477; -1,1127052;
1427713171967041000; 19,612701; 0,66858083; -3,6643257;
1427713171981597000; 19,612701; 2,8652608; -4,8644195;
1427713171998443000; 19,612701; 3,2112231; -4,208408;
1427713172013610000; 19,612701; 3,1142578; -2,03567;
1427713172030609000; 19,612701; 1,7375919; 0,14065935;
1427713172045318000; 18,474857; 0,694917; 0,40701428;
1427713172060302000; 13,986926; 0,0700304; 0,24420857;
1427713172076385000; 9,548077; -0,5201403; 1,2282255;
1427713172095581000; 4,9853263; -0,86969376; 3,3399115;
1427713172110076000; 0,19033903; -0,5398925; 4,1557355;
1427713172124908000; -5,8909335; 0,076614454; 4,759673;
1427713172139007000; -9,229648; 0,56982; 5,5096564;
1427713172153930000; -9,060856; 0,7320272; 4,5382094;
1427713172177673000; -3,6212301; -0,9684546; 3,1477766;
1427713172189758000; 0,22984336; -2,260725; 3,108871;
1427713172204101000; 4,8662148; -3,9893386; 1,6514006;
1427713172223785000; 12,562376; -5,0583496; 0,1364695;
1427713172238830000; 18,048689; -3,2986114; -3,4278982;
1427713172254364000; 19,612701; -1,0779893; -8,942344;
1427713172267181000; 19,612701; -0,11372458; -12,394184;
1427713172279663000; 19,612701; 0,06404489; -13,721768;
1427713172292572000; 19,612701; -0,12928689; -11,565191;
1427713172305908000; 19,612701; -0,08379706; -8,84478;
1427713172319000000; 19,612701; -0,31184477; -6,229713;
1427713172334411000; 19,015348; -0,47046062; -4,5178585;
1427713172347595000; 17,025167; -0,44113165; -4,022857;
1427713172359222000; 15,008054; -0,45489833; -3,2944214;
1427713172371765000; 12,834118; -0,40521863; -3,5805287;
1427713172384338000; 9,0429; -0,20470424; -3,0867245;
1427713172396972000; 6,0285997; -0,2124854; -2,3403323;
1427713172411468000; 3,3871968; -0,015562311; -1,3311762;
1427713172423919000; 0,88286185; -0,15562311; 0,074818805;
1427713172436737000; -1,1767502; -0,095768064; 3,245939;
1427713172450103000; -3,3716345; 0,6781576; 6,096236;
1427713172462921000; -2,783858; 1,1234791; 8,520964;
1427713172478912000; 0,19632454; 0,74878657; 9,051878;
1427713172491699000; 3,714604; 0,51954174; 7,7470384;
1427713172508666000; 8,10557; -0,4938041; 2,5288756;
1427713172525146000; 12,7575035; -0,6985083; -2,7700913;
1427713172545562000; 14,849438; 1,1480197; -6,278794;
1427713172558288000; 16,30571; 2,9107506; -5,1786585;
1427713172570831000; 16,845005; 3,3171666; -3,9947255;
1427713172584350000; 16,654066; 2,9233203; -2,0572178;
1427713172598815000; 16,320076; 1,3892355; -0,6937199;
1427713172613647000; 15,811907; 0,29927522; -0,037708677;
1427713172628753000; 15,303738; -0,31783026; -0,2160767;
1427713172643707000; 16,188395; 0,20171149; -2,0009542;
1427713172660247000; 15,761628; 0,047884032; -4,5807066;
1427713172677032000; 14,730925; -0,6063316; -6,330868;
1427713172693237000; 13,520656; -1,4490906; -6,039374;
1427713172707214000; 11,581951; -1,9297266; -5,683236;
1427713172719024000; 9,247005; -2,260725; -6,8851256;
1427713172731231000; 6,613384; -1,6166847; -8,759187;
1427713172743957000; 2,9999347; -1,2234371; -10,288484;
1427713172756652000; 0,6063316; -0,6733692; -10,286089;
1427713172768493000; -0,5021838; -0,11971009; -9,686341;
1427713172783477000; -0,19572599; 0,53450555; -8,410232;
1427713172797576000; 1,6208745; 0,40102878; -6,153697;
1427713172814788000; 4,3035774; -0,13108255; -1,9189527;
1427713172827789000; 6,1285577; -0,17896658; -0,25378537;
1427713172844726000; 7,2789717; -0,42317516; 0,4950012;
1427713172858795000; 9,427768; -0,5662287; 1,0857705;
1427713172878631000; 13,976152; -0,82719666; 0,878672;
1427713172892303000; 16,894684; -0,842759; 0,5482722;
1427713172904632000; 17,620127; -0,80564886; -0,7338228;
1427713172924560000; 17,635689; -0,18255788; -1,2569559;
1427713172938873000; 16,399084; -0,020350715; 0,0688333;
1427713172954101000; 14,997878; 0,10175357; 0,78410107;
1427713172969940000; 13,028647; -0,22385786; 1,7393875;
1427713172981597000; 12,984354; -0,53689975; 2,1362264;
1427713172994140000; 14,924855; -1,0761937; 1,845331;
1427713173006225000; 17,824234; -1,0570401; 0,32920274;
1427713173020965000; 18,601152; -1,460463; -3,2190042;
1427713173033569000; 18,388067; -2,131438; -7,16824;
1427713173049133000; 16,95454; -2,9562407; -11,561002;
1427713173065643000; 15,821484; -3,1603463; -13,115437;
1427713173078216000; 14,891934; -3,5182793; -12,720992;
1427713173090789000; 14,032416; -3,5996823; -11,527483;
1427713173103424000; 12,798205; -3,4727895; -10,371682;
1427713173118286000; 10,784083; -3,7104142; -8,725668;
1427713173134307000; 8,348581; -3,417723; -8,188768;
1427713173149291000; 4,6920366; -2,730587; -7,8158712;
1427713173164001000; 0,96067345; -1,7986441; -6,779182;
1427713173179199000; -1,9877859; -0,7529764; -5,732916;
1427713173193695000; -3,2130187; -0,49559975; -4,896741;
1427713173208679000; -2,7401638; -1,2276269; -3,2249897;
1427713173223205000; -1,4646529; -2,3421278; -1,1833342;
1427713173243316000; 2,641403; -3,0538042; 2,5761611;
1427713173257904000; 7,249643; -3,8313212; 5,716755;
1427713173271850000; 13,082517; -3,3476925; 7,427412;
1427713173286346000; 19,612701; -1,4059949; 6,4008985;
1427713173301116000; 19,612701; 0,14664486; 3,2483332;
1427713173316253000; 19,612701; 0,56802434; 0,5201403;
1427713173330993000; 19,612701; -0,31364042; -0,7284359;
1427713173345611000; 18,41201; -1,0229226; -0,4333505;
1427713173360900000; 17,055695; -1,3718776; -0,7380127;
1427713173375640000; 16,675615; -2,018312; -2,9460652;
1427713173390991000; 18,237232; -1,804031; -6,545149;
1427713173405914000; 18,338987; -1,8740613; -10,0341;
1427713173420166000; 18,463486; -2,1984756; -11,283873;
1427713173434631000; 17,221493; -2,7724855; -10,940305;
1427713173449645000; 15,346833; -2,9735985; -9,919776;
1427713173465087000; 12,917316; -3,3979707; -9,74859;
1427713173479858000; 8,067862; -3,7217865; -9,892841;
1427713173494873000; 3,2489316; -3,7062242; -9,519346;
1427713173509490000; -1,3581109; -2,8933928; -7,6572556;
1427713173524505000; -4,7830167; -1,6376339; -5,7496753;
1427713173539215000; -4,526837; -1,560421; -3,946243;
1427713173554260000; -2,0207062; -1,8411411; -1,7537527;
1427713173568695000; 0,9576807; -3,2052376; 0,338181;
1427713173583160000; 3,7762547; -4,0587707; 2,7180176;
1427713173596771000; 8,635287; -5,3037553; 6,59004;
1427713173609374000; 15,175049; -5,2660465; 9,4295635;
1427713173621887000; 19,612701; -4,213795; 9,654618;
1427713173634490000; 19,612701; -2,7126305; 7,459734;
1427713173649047000; 19,612701; -2,2152352; 4,2634745;
1427713173661590000; 19,612701; -1,7753005; 2,8221653;
1427713173674011000; 19,612701; -0,62967503; 1,2413936;
1427713173686401000; 19,612701; -0,3393781; -1,3347675;
1427713173698791000; 19,612701; -0,47105917; -4,7638626;
1427713173712127000; 19,612701; -0,7493851; -8,148665;
1427713173724761000; 19,494188; -1,6962919; -9,495404;
1427713173737213000; 17,494432; -3,0520086; -9,473856;
1427713173749908000; 15,391725; -3,7062242; -8,48984;
1427713173763580000; 13,182474; -4,1479545; -7,6404963;
1427713173778503000; 10,381857; -4,6178164; -7,8583684;
1427713173790985000; 7,3723454; -4,4645877; -7,968502;
1427713173803070000; 3,840898; -3,879804; -8,734048;
1427713173815490000; -0,5859809; -2,5941176; -9,828796;
1427713173828063000; -3,3153708; -1,5819688; -9,380483;
1427713173840942000; -4,4017396; -1,821389; -7,917625;
1427713173853424000; -3,755904; -2,5049336; -5,580884;
1427713173865600000; -2,1332338; -3,0466216; -2,9352913;
1427713173878875000; 0,38606504; -3,5649664; 0,10654198;
1427713173891265000; 3,3889925; -4,006098; 2,4229321;
1427713173903656000; 8,170812; -4,518457; 5,33488;
1427713173916076000; 12,966398; -4,8895583; 7,3603745;
1427713173930267000; 19,053057; -4,3275194; 9,180567;
1427713173951507000; 19,612701; -2,0278888; 8,037335;
1427713173963928000; 19,612701; -0,9780314; 5,5377884;
1427713173976379000; 19,612701; -0,2621651; 2,5647886;
1427713173988800000; 19,612701; -0,08439561; 0,10115502;
1427713174001495000; 19,612701; -0,06703765; -2,4702177;
1427713174014221000; 19,612701; -0,59376204; -3,8217444;
1427713174026672000; 17,996017; -1,472434; -4,085107;
1427713174039703000; 15,956756; -2,4019828; -4,031237;
1427713174052398000; 14,41489; -3,2112231; -4,255095;
1427713174065063000; 13,077728; -3,7116113; -4,6136265;
1427713174076538000; 12,273276; -3,775656; -5,6856303;
1427713174091705000; 11,174936; -3,8031895; -7,7823524;
1427713174107086000; 8,659827; -3,779846; -10,192117;
1427713174122253000; 4,7483006; -2,8754363; -11,599309;
1427713174134674000; 2,1763294; -1,5472529; -10,348937;
1427713174146820000; 0,6440403; -1,6633717; -8,495226;
1427713174159637000; -0,25797522; -1,3856442; -6,3542113;
1427713174172119000; 0,038307227; -1,4987702; -4,0282445;
1427713174184509000; 1,1408371; -1,3970166; -1,7998412;
1427713174205017000; 5,544971; -1,1528081; 2,734777;
1427713174217132000; 8,356362; -1,5448587; 4,577115;
1427713174229553000; 10,45069; -1,7711107; 6,409278;
1427713174244995000; 12,807183; -1,4562732; 8,011598;
1427713174268096000; 17,80508; -1,5831659; 8,191761;
1427713174279632000; 19,612701; -1,3299791; 7,7745714;
1427713174291107000; 19,612701; -0,82719666; 7,043741;
1427713174303100000; 19,612701; -0,5105635; 6,0202203;
1427713174314605000; 19,612701; -0,74998367; 4,617218;
1427713174326507000; 17,364546; -1,328782; 3,2243912;
1427713174338897000; 15,494675; -1,8148049; 1,5951369;
1427713174351318000; 14,724939; -2,0338743; -0,4770447;
1427713174362823000; 14,519037; -2,6300306; -2,4013844;
1427713174374298000; 14,828488; -2,823961; -4,5884876;
1427713174385803000; 15,206772; -2,718616; -6,0902505;
1427713174397277000; 15,365388; -3,626617; -7,313688;
1427713174408752000; 14,98052; -4,4436383; -8,635885;
1427713174420288000; 14,130578; -4,3436804; -8,839992;
1427713174432769000; 12,46601; -4,7524905; -8,801085;
1427713174444274000; 10,900801; -5,076905; -8,461707;
1427713174455749000; 9,150041; -4,7506948; -8,801684;
1427713174467224000; 6,6492968; -4,6285906; -9,471462;
1427713174478698000; 3,7445314; -4,035427; -9,920375;
1427713174490631000; 0,83617496; -3,1902738; -9,5570545;
1427713174503021000; -0,9768343; -2,4049757; -8,5622635;
1427713174514495000; -1,4095862; -1,9752164; -7,0407486;
1427713174525939000; -0,5255273; -2,1284454; -5,0613422;
1427713174537750000; 1,3856442; -3,0759506; -2,9658175;
1427713174550201000; 3,7672763; -3,8109705; -0,56982;
1427713174562652000; 6,3338604; -4,9721584; 1,2892777;
1427713174575042000; 8,954314; -5,9304376; 3,493739;
1427713174587524000; 11,955446; -6,1716533; 6,0561333;
1427713174600067000; 15,618575; -5,932832; 9,583391;
1427713174612518000; 18,84536; -4,9625816; 12,404359;
1427713174625030000; 19,612701; -4,1820717; 13,241731;
1427713174637451000; 19,612701; -3,1896753; 11,097125;
1427713174650146000; 19,612701; -2,8485014; 8,363545;
1427713174664154000; 19,612701; -2,7880478; 4,755483;
1427713174676635000; 19,612701; -2,6473885; 1,6980876;
1427713174688262000; 18,236036; -2,379238; -0,75477207;
1427713174700683000; 16,600197; -2,3852234; -3,0358477;
1427713174713104000; 15,9801; -2,6821043; -4,3077674;
1427713174725708000; 15,264832; -2,8257565; -4,8937483;
1427713174738159000; 14,842255; -3,1705215; -6,179435;
1427713174750579000; 14,137162; -3,41473; -7,133524;
1427713174766784000; 12,7096195; -3,7229836; -8,367136;
1427713174779235000; 11,03308; -3,8953662; -8,889072;
1427713174791748000; 9,210494; -3,4865563; -8,595782;
1427713174809722000; 5,896919; -3,8504748; -8,857947;
1427713174821289000; 3,389591; -4,144363; -9,311649;
1427713174833984000; 0,95229375; -4,1060557; -8,12592;
1427713174846649000; -0,4213795; -3,6828809; -6,63134;
1427713174861297000; -0,04369418; -3,3608606; -3,7714663;
1427713174876525000; 1,9333179; -3,453636; -1,2018893;
1427713174891937000; 4,2515035; -3,8115692; 0,3561375;
1427713174908386000; 6,0824695; -4,6459484; 2,9203274;
1427713174920257000; 7,5932107; -4,841076; 5,7454853;
1427713174934570000; 10,685322; -5,043386; 8,114548;
1427713174949005000; 14,838664; -5,073912; 8,690952;
1427713174963165000; 19,612701; -4,9524064; 8,913014;
1427713174977172000; 19,612701; -3,6463692; 8,520366;
1427713174992279000; 19,612701; -2,597709; 6,2859764;
1427713175007751000; 19,612701; -1,785476; 2,8072014;
1427713175023406000; 19,612701; -1,941099; -0,3549404;
1427713175040649000; 19,612701; -2,509722; -3,4853592;
1427713175057708000; 18,859726; -3,3967736; -5,181651;
1427713175069702000; 17,190369; -3,8666358; -5,5204306;
1427713175082580000; 15,334862; -4,1425676; -5,6946087;
1427713175095184000; 12,914324; -4,322731; -6,52001;
1427713175107788000; 9,6767645; -4,597466; -7,840412;
1427713175120391000; 6,393117; -4,509479; -8,472482;
1427713175133300000; 2,2278047; -4,423288; -9,664794;
1427713175145812000; -1,2054806; -3,6804867; -8,922591;
1427713175159729000; -2,9933507; -2,7910407; -7,633912;
1427713175172454000; -3,2483332; -2,516306; -6,0124393;
1427713175185272000; -1,8974048; -3,0819361; -4,4047327;
1427713175197784000; -0,39444473; -3,7020345; -3,0873232;
1427713175210571000; 0,9995792; -4,405331; -1,9405005;
1427713175222625000; 3,127426; -5,2444987; 0,078410104;
1427713175236358000; 6,250662; -6,3859344; 2,1452048;
1427713175255493000; 11,186309; -6,5655; 4,1880574;
1427713175272491000; 17,52855; -6,229713; 4,606444;
1427713175288757000; 19,612701; -5,963358; 3,5242648;
1427713175307220000; 19,612701; -2,5983074; 4,4663835;
1427713175322082000; 19,612701; -2,160767; 4,6297874;
1427713175338439000; 19,612701; -1,3078327; 3,2501287;
1427713175353820000; 19,612701; -1,9632454; 0,7835025;
1427713175371368000; 18,562845; -2,8628666; -1,0965444;
1427713175384368000; 17,065271; -3,566762; -1,6023195;
1427713175396850000; 15,601217; -4,140772; -2,0135236;
1427713175409545000; 14,073716; -4,744709; -2,4959552;
1427713175422149000; 12,508507; -5,379771; -2,822764;
1427713175434906000; 10,968436; -5,3606176; -3,268684;
1427713175447509000; 9,614515; -4,9877205; -3,851672;
1427713175459320000; 7,5944076; -4,3861775; -5,6227827;
1427713175472015000; 4,196437; -3,839701; -8,0127945;
1427713175483886000; 0,5069722; -3,0496144; -9,807847;
1427713175496520000; -2,3139958; -1,8309658; -9,713875;
1427713175509033000; -3,513491; -1,062427; -8,47727;
1427713175521850000; -3,7253778; -0,7116765; -6,815095;
1427713175534484000; -1,8513165; -1,2324153; -4,770447;
1427713175547027000; 0,4878186; -1,839944; -2,919729;
1427713175559448000; 2,6952724; -2,6126726; -1,340753;
1427713175573455000; 6,0561333; -3,6487634; 1,9117701;
1427713175587127000; 10,784083; -4,4663835; 5,3282957;
1427713175599884000; 16,247053; -4,040814; 8,158242;
1427713175619018000; 19,612701; -2,5240872; 8,720282;
1427713175631683000; 19,612701; -1,0085574; 7,5764513;
1427713175644348000; 19,612701; 0,18195933; 6,27221;
1427713175657043000; 19,612701; 0,9103952; 5,142745;
1427713175669921000; 19,612701; 0,97144735; 4,282628;
1427713175682678000; 19,612701; 0,59974754; 3,4368765;
1427713175695281000; 17,888277; -0,065242; 2,148796;
1427713175708282000; 16,021997; -1,039682; 0,43155485;
1427713175720977000; 14,753071; -2,0111294; -1,2791022;
1427713175732849000; 13,620613; -2,712032; -2,9239187;
1427713175748382000; 12,433688; -2,9873652; -4,8285065;
1427713175760925000; 11,459248; -2,9735985; -5,97892;
1427713175773468000; 9,630676; -3,0933087; -7,277775;
1427713175785949000; 6,964134; -2,8215668; -8,659229;
1427713175797821000; 3,8947675; -2,3690627; -10,305841;
1427713175810546000; 0,5315128; -1,7723078; -11,447277;
1427713175822265000; -1,2671312; -1,6256629; -11,372458;
1427713175837585000; -2,6659436; -1,8561049; -9,487024;
1427713175852203000; -2,1511903; -2,1763294; -6,606201;
1427713175863830000; -0,8319851; -2,5025394; -4,225766;
1427713175876373000; 1,5239093; -2,610877; -1,2737153;
1427713175889038000; 4,9458222; -3,031658; 1,1091139;
1427713175901641000; 9,185953; -3,6990416; 3,5511997;
1427713175914154000; 14,511855; -4,57113; 5,720945;
1427713175926940000; 19,612701; -4,249708; 7,593809;
1427713175939453000; 19,612701; -3,0352492; 8,361151;
1427713175951538000; 19,612701; -1,894412; 8,463503;
1427713175964172000; 19,612701; -1,3126211; 8,281544;
1427713175976837000; 19,612701; -1,4371196; 8,374319;
1427713175989532000; 19,612701; -1,8537107; 7,6560583;
1427713176001342000; 18,720861; -2,1619642; 6,0860605;
1427713176016510000; 16,164454; -3,153762; 2,9819782;
1427713176031707000; 13,782821; -4,325125; -0,63087213;
1427713176047210000; 11,655573; -5,149928; -3,7972038;
1427713176062103000; 9,044696; -5,0266266; -6,6510925;
1427713176078063000; 5,8143187; -4,943428; -10,123882;
1427713176092102000; 3,7906199; -4,173692; -12,537836;
1427713176107116000; 3,5302503; -3,632004; -12,20564;
1427713176122131000; 4,808754; -3,5769374; -10,511743;
1427713176134735000; 6,4643445; -3,933075; -9,059061;
1427713176147308000; 8,06427; -4,1581297; -7,6692266;
1427713176159912000; 9,581595; -4,4262805; -5,542577;
1427713176172485000; 11,416751; -4,3317094; -2,1757307;
1427713176185089000; 13,12262; -3,9564183; 1,0426749;
1427713176197601000; 16,608578; -3,2477345; 4,209007;
1427713176210144000; 19,612701; -1,9841946; 6,699575;
1427713176222656000; 19,612701; -0,78170687; 7,0754647;
1427713176234802000; 19,612701; 0,4985925; 6,6205664;
1427713176249755000; 19,612701; 0,4854244; 5,7299232;
1427713176263977000; 17,913418; -0,2124854; 6,225523;
1427713176278900000; 13,591883; -0,22445641; 6,867169;
1427713176293548000; 10,791864; -0,20410569; 7,406463;
1427713176308197000; 8,902241; -0,7918822; 6,369175;
1427713176322998000; 7,567473; -2,1613655; 4,7285485;
1427713176335693000; 6,2913637; -2,847903; 2,60549;
1427713176350036000; 5,1158104; -3,402759; 0,37588966;
1427713176362823000; 4,0803185; -3,762488; -1,4347254;
1427713176379486000; 3,0053217; -3,6284127; -4,5681367;
1427713176391937000; 2,2242134; -3,3782187; -7,472902;
1427713176404541000; 2,5917234; -2,8951883; -9,738416;
1427713176417266000; 3,815759; -2,3702598; -11,242573;
1427713176429931000; 6,093243; -2,6683378; -12,155362;
1427713176443603000; 8,794501; -3,1603463; -11,89619;
1427713176457397000; 11,7148285; -3,2932243; -9,613917;
1427713176469909000; 13,763068; -3,210026; -6,8282633;
1427713176482482000; 15,507843; -3,1789012; -4,4753613;
1427713176495758000; 17,604565; -3,277662; -0,57161564;
1427713176508483000; 19,612701; -3,0065188; 2,4510639;
1427713176521026000; 19,612701; -2,4193408; 3,7576995;
1427713176533569000; 19,612701; -1,520318; 4,9972973;
1427713176548339000; 19,612701; -0,7398083; 5,7616463;
1427713176563476000; 18,84117; -0,87208796; 6,333262;
1427713176579101000; 14,568119; -0,91099375; 6,0968347;
1427713176595642000; 11,612476; -0,8936358; 4,88058;
1427713176608367000; 9,476251; -0,641646; 4,402937;
1427713176620880000; 8,079233; -0,60453594; 4,3305125;
1427713176633544000; 6,879739; -0,81402856; 3,933075;
1427713176648193000; 6,1501055; -1,3605051; 2,6839;
1427713176663085000; 5,5401826; -2,2385786; 0,8714894;
1427713176679321000; 4,896741; -2,7700913; -1,6047137;
1427713176694366000; 3,9366663; -1,8698715; -4,220379;
1427713176706939000; 3,2483332; -1,2240356; -8,154053;
1427713176719238000; 3,9881415; -0,6841431; -10,993576;
1427713176731994000; 6,0423665; -0,34476504; -11,328764;
1427713176745025000; 7,6530657; -0,70509243; -9,572617;
1427713176757843000; 8,746018; -1,4550761; -6,8480153;
1427713176777008000; 10,277111; -1,6663644; -3,3423057;
1427713176794250000; 13,144167; -1,1312603; 0,110133275;
1427713176806854000; 14,917672; -0,7469909; 1,6891093;
1427713176823516000; 16,832436; 0,25198972; 3,1531637;
1427713176836090000; 17,3011; 0,5674258; 4,0066967;
1427713176849609000; 17,04971; 0,6380547; 4,924873;
1427713176864074000; 15,801731; 1,2910733; 5,336077;
1427713176878997000; 14,2042; 2,1655555; 5,722142;
1427713176893463000; 12,483368; 3,0819361; 5,3276973;
1427713176905975000; 11,319786; 3,6870706; 4,8440685;
1427713176918518000; 10,54167; 3,8720226; 4,177882;
1427713176931030000; 9,882068; 3,453636; 3,4614172;
1427713176943664000; 9,5732155; 2,6461914; 3,0765493;
1427713176956451000; 9,129091; 1,0265139; 2,7365725;
1427713176969024000; 8,688558; -0,50397944; 2,4396915;
1427713176981781000; 8,759786; -1,6424223; 1,6160861;
1427713176994415000; 8,832211; -2,3918076; 0,88166475;
1427713177006958000; 8,855554; -2,2786815; -0,1316811;
1427713177019470000; 8,954314; -2,0141222; -1,7525556;
1427713177032012000; 8,931569; -1,8441339; -3,0639796;
1427713177044616000; 8,93935; -1,0570401; -4,1222167;
1427713177058532000; 9,88506; -0,3226187; -5,075109;
1427713177073608000; 10,762535; 0,46686932; -6,0836663;
1427713177088378000; 10,803835; 0,6123171; -5,6856303;
1427713177100952000; 11,112088; 1,0390835; -4,0623617;
1427713177114349000; 10,635044; 1,1115081; -1,127669;
1427713177128173000; 10,487202; -0,10654198; 0,31364042;
1427713177140747000; 9,196129; 0,021547815; 2,60549;
1427713177153381000; 8,012196; -0,0017956513; 4,833295;
1427713177165954000; 7,0874357; 0,4177882; 6,92044;
1427713177178131000; 6,0782795; 0,9648633; 8,928576;
1427713177190734000; 5,597045; 1,6352397; 11,094132;
1427713177203247000; 4,8704047; 2,2637177; 11,8261595;
1427713177215942000; 4,5992613; 2,5145104; 12,267291;
1427713177228485000; 5,5389857; 2,9400797; 12,310986;
1427713177240783000; 6,06571; 3,7966053; 12,771271;
1427713177253326000; 7,1209545; 3,8714242; 13,564948;
1427713177265991000; 8,616134; 5,33069; 14,626178;
1427713177278594000; 9,306861; 5,2846017; 13,767857;
1427713177291809000; 9,255983; 3,502717; 11,591528;
1427713177305206000; 8,381501; 3,0041246; 10,88823;
1427713177319824000; 8,053496; 2,094328; 11,375451;
1427713177332550000; 8,537724; 1,1216835; 10,051457;
1427713177345153000; 8,813655; -0,3393781; 7,597999;
1427713177359588000; 9,476849; 0,107739076; 4,7135844;
1427713177373931000; 11,142614; 1,1085154; 2,9987376;
1427713177386474000; 12,707226; 1,4933833; 2,570774;
1427713177399200000; 13,162124; 1,4287399; 2,172738;
1427713177411773000; 12,393585; 1,4413095; 1,5370775;
1427713177424468000; 11,25215; 1,1186907; 1,0959458;
1427713177442565000; 9,535507; 0,33399114; 1,5634137;
1427713177457977000; 5,837662; 0,11791443; 4,8841715;
1427713177473144000; 2,4271219; -1,1007342; 7,435792;
1427713177487854000; -1,9375077; -1,608305; 9,695918;
1427713177501342000; -6,367978; -2,5234885; 12,465411;
1427713177513916000; -8,988432; -2,123657; 13,215395;
1427713177526885000; -9,487024; -1,5346833; 13,902531;
1427713177549163000; -8,430583; -1,1599907; 14,204799;
1427713177561889000; -7,258621; -0,6512229; 14,981118;
1427713177576751000; -5,21098; -0,48602295; 15,194801;
1427713177596618000; -2,6252422; -0,39444473; 14,724939;
1427713177612762000; 0,8870517; 0,29508537; 12,820352;
1427713177628265000; 4,5741224; 0,6973112; 11,543045;
1427713177640808000; 9,7641535; 2,1865046; 10,857705;
1427713177655914000; 12,995727; 3,514688; 9,114127;
1427713177670440000; 14,765042; 3,942053; 6,59004;
1427713177688354000; 13,171103; 2,4881742; 4,6710877;
1427713177708465000; 10,073604; 1,234211; 4,9146976;
1427713177725341000; 5,015254; 0,110731825; 5,9322333;
1427713177740875000; 1,3802572; -0,7158663; 7,152079;
1427713177758636000; -3,4237084; -2,271499; 9,1255;
1427713177770202000; -10,426748; -2,7126305; 12,009914;
1427713177785552000; -13,283629; -1,9572599; 13,511079;
1427713177798370000; -13,173496; -1,5688007; 13,817536;
1427713177810943000; -12,700642; -1,5328877; 13,412318;
1427713177823669000; -11,719617; -1,2617443; 12,861651;
1427713177837158000; -9,937134; -1,2940661; 12,590508;
1427713177853485000; -7,9170265; -1,5328877; 12,935872;
1427713177865631000; -4,775235; -1,2024878; 13,342287;
1427713177881256000; -0,16759412; -1,073201; 13,488933;
1427713177893859000; 5,6006365; 0,16160862; 14,440029;
1427713177906616000; 11,437101; 2,5378537; 14,450204;
1427713177919464000; 14,921264; 4,654328; 12,148179;
1427713177937438000; 16,47929; 5,6443305; 7,482479;
1427713177954772000; 15,094245; 3,0933087; 3,6176388;
1427713177969512000; 10,972028; 2,058415; 3,29502;
1427713177982391000; 7,828441; 1,299453; 3,9498343;
1427713178049224000; -8,694544; -1,447295; 8,16363;
1427713178062347000; -11,773487; -2,0685902; 9,946113;
1427713178075531000; -14,303559; -1,4215573; 11,157578;
