1427799483563964000; -1,9357121; 4,8309007; 8,073248;
1427799483767089000; -1,654992; 5,1116204; 8,605958;
1427799483779754000; -1,6214731; 5,109825; 8,641871;
1427799483792388000; -1,6537948; 5,0918684; 8,614338;
1427799483806365000; -1,6238673; 5,119402; 8,638878;
1427799483822357000; -1,6280571; 5,0667295; 8,611943;
1427799483834930000; -1,6214731; 5,121796; 8,593389;
1427799483847564000; -1,6047137; 5,1343656; 8,588001;
1427799483860351000; -1,6065093; 5,1104236; 8,556278;
1427799483872802000; -1,6101006; 5,1355624; 8,59698;
1427799483884246000; -1,6178818; 5,1158104; 8,616134;
1427799483896881000; -1,632247; 5,1062336; 8,586804;
1427799483909423000; -1,632247; 5,104438; 8,616732;
1427799483921997000; -1,6352397; 5,122993; 8,614338;
1427799483934509000; -1,6400281; 5,084686; 8,655039;
1427799483947235000; -1,6304513; 5,069722; 8,567052;
1427799483961486000; -1,6208745; 5,0876784; 8,599973;
1427799483973999000; -1,6178818; 5,117606; 8,605359;
1427799483985778000; -1,6412252; 5,1104236; 8,614936;
1427799484001281000; -1,6226702; 5,107431; 8,591593;
1427799484014099000; -1,6011224; 5,130774; 8,608951;
1427799484036376000; -1,6262615; 5,127183; 8,619724;
1427799484048309000; -1,608305; 5,1200004; 8,625112;
1427799484061035000; -1,5903485; 5,094861; 8,573636;
1427799484073577000; -1,5867572; 5,0763063; 8,590994;
1427799484086364000; -1,6053122; 5,076905; 8,590396;
1427799484105712000; -1,614889; 5,097854; 8,581417;
1427799484118591000; -1,6220716; 5,121197; 8,605958;
1427799484131103000; -1,590947; 5,09127; 8,604761;
1427799484143707000; -1,5897499; 5,1104236; 8,5778265;
1427799484157684000; -1,6017209; 5,133767; 8,582016;
1427799484170349000; -1,6101006; 5,1223946; 8,579023;
1427799484182830000; -1,6214731; 5,109226; 8,590396;
1427799484195343000; -1,6687586; 5,101445; 8,620323;
1427799484208099000; -1,6400281; 5,0559554; 8,664018;
1427799484220153000; -1,644218; 5,070919; 8,619724;
1427799484235778000; -1,6298528; 5,071518; 8,653842;
1427799484248260000; -1,6274586; 5,1170077; 8,597578;
1427799484262054000; -1,62686; 5,1277814; 8,55987;
1427799484274871000; -1,6220716; 5,1259856; 8,599374;
1427799484287506000; -1,6304513; 5,13257; 8,614338;
1427799484300079000; -1,6316484; 5,111022; 8,637681;
1427799484313232000; -1,6298528; 5,080496; 8,640076;
1427799484326019000; -1,6035166; 5,0810947; 8,586804;
1427799484338745000; -1,5885528; 5,093664; 8,5862055;
1427799484353637000; -1,6262615; 5,0996494; 8,613141;
1427799484366119000; -1,6065093; 5,106832; 8,632295;
1427799484382934000; -1,6196774; 5,084686; 8,647258;
1427799484396484000; -1,6250644; 5,120599; 8,583213;
1427799484409118000; -1,6382325; 5,125387; 8,597578;
1427799484421722000; -1,6358383; 5,105635; 8,57184;
1427799484434356000; -1,6382325; 5,1140146; 8,606557;
1427799484446716000; -1,6292542; 5,101445; 8,628703;
1427799484461517000; -1,6124948; 5,0942626; 8,65025;
1427799484475524000; -1,5969325; 5,094861; 8,597578;
1427799484489257000; -1,6041151; 5,08708; 8,570643;
1427799484501403000; -1,6005238; 5,1080294; 8,549096;
1427799484513946000; -1,6364368; 5,1247888; 8,587403;
1427799484526855000; -1,6340426; 5,092467; 8,627506;
1427799484541320000; -1,6519991; 5,09127; 8,626907;
1427799484553985000; -1,6514006; 5,093664; 8,599973;
1427799484566589000; -1,6328455; 5,0960584; 8,594585;
1427799484579345000; -1,6196774; 5,084686; 8,585009;
1427799484592712000; -1,6118963; 5,1319714; 8,611345;
1427799484605316000; -1,6328455; 5,118803; 8,606557;
1427799484618072000; -1,6184803; 5,1385555; 8,604761;
1427799484630798000; -1,6424223; 5,116409; 8,638878;
1427799484643829000; -1,6406267; 5,08708; 8,606557;
1427799484656890000; -1,6460136; 5,0942626; 8,661025;
1427799484670318000; -1,6160861; 5,101445; 8,634089;
1427799484686126000; -1,6124948; 5,096657; 8,563461;
1427799484698760000; -1,6226702; 5,1200004; 8,55987;
1427799484712158000; -1,5945383; 5,1170077; 8,585009;
1427799484724822000; -1,567005; 5,116409; 8,549096;
1427799484737396000; -1,5592239; 5,121796; 8,565256;
1427799484750457000; -1,5807717; 5,1026425; 8,655638;
1427799484763000000; -1,7034745; 5,1846437; 8,70831;
1427799484776550000; -1,6915035; 5,242703; 8,604761;
1427799484788970000; -1,6424223; 5,151125; 8,59698;
1427799484806243000; -1,685518; 5,0308166; 8,622718;
1427799484818908000; -1,7423803; 5,073313; 8,650849;
1427799484832489000; -1,8513165; 5,1744685; 8,623915;
1427799484845764000; -1,9572599; 5,191228; 8,924387;
1427799484858123000; -1,8752584; 5,243302; 8,909423;
1427799484870727000; -1,6753427; 5,203199; 8,848371;
1427799484883392000; -1,702876; 5,1840453; 8,7125;
1427799484899841000; -1,7172412; 5,367202; 8,368932;
1427799484912445000; -1,7830818; 5,5659204; 8,50181;
1427799484925476000; -1,8980033; 5,5377884; 8,468291;
1427799484938446000; -1,7220296; 5,561132; 8,36175;
1427799484951141000; -1,5424645; 5,5737014; 8,1163435;
1427799484963623000; -1,541866; 5,559336; 7,943961;
1427799484976287000; -1,5819688; 5,6389437; 7,973889;
1427799484988708000; -1,5071499; 5,6748567; 8,203134;
1427799485001556000; -1,4323312; 5,603629; 8,297705;
1427799485016021000; -1,5209166; 5,6347537; 8,384495;
1427799485028564000; -1,5316905; 5,7149596; 8,5622635;
1427799485042053000; -1,3329718; 5,695207; 8,779537;
1427799485063262000; -1,4508862; 5,6664767; 9,731832;
1427799485075836000; -1,6232687; 6,325481; 10,513538;
1427799485088348000; -2,236783; 6,8689647; 10,730812;
1427799485101043000; -2,7012582; 7,1371155; 10,957663;
1427799485114227000; -2,5689783; 7,399879; 11,171944;
1427799485126434000; -0,842759; 7,290344; 10,000581;
1427799485139190000; 1,4024036; 6,467337; 8,317456;
1427799485151733000; 1,9363106; 5,043386; 8,378509;
1427799485164337000; 2,0027497; 4,8668137; 9,989806;
1427799485185607000; 0,65660983; 5,7766104; 12,33792;
1427799485198425000; 5,985504E-4; 5,469554; 12,19307;
1427799485212066000; -0,28909984; 5,1601033; 11,638813;
1427799485227386000; -0,18734628; 5,632958; 11,334749;
1427799485240020000; -0,47225627; 5,9890957; 9,92636;
1427799485252777000; -0,39384618; 5,959168; 8,568848;
1427799485265441000; -0,19812019; 6,0639143; 7,666234;
1427799485277984000; -0,21787235; 6,5427547; 6,711546;
1427799485290496000; -0,36152446; 6,8330517; 5,965752;
1427799485303283000; -0,18974048; 6,704962; 5,5856724;
1427799485316253000; 0,15861586; 6,211756; 5,571307;
1427799485330780000; 0,19572599; 5,628768; 5,3235073;
1427799485343200000; -0,08439561; 5,3157263; 5,1840453;
1427799485355987000; -0,29807812; 5,53719; 5,1200004;
1427799485375854000; -0,6596026; 5,4312468; 4,8320975;
1427799485391815000; -1,2054806; 5,6239796; 4,098873;
1427799485404449000; -1,4383167; 6,1985884; 4,148553;
1427799485417327000; -1,5747862; 6,3422403; 4,863222;
1427799485430267000; -1,1085154; 6,401497; 5,755062;
1427799485443267000; -0,44472298; 6,2009826; 5,525219;
1427799485456237000; -0,3298013; 6,2129536; 4,8003745;
1427799485468902000; -1,7274165; 7,978079; 5,37199;
1427799485482727000; -2,5312698; 8,158242; 6,5188127;
1427799485495422000; -1,5831659; 7,013814; 5,8143187;
1427799485508361000; -4,2754455; 2,2349873; 4,5394063;
1427799485521179000; -2,6246436; 4,911106; 5,1876364;
1427799485537719000; -0,49559975; 8,091205; 4,932654;
1427799485551696000; -0,60693014; 10,363302; 3,2824504;
1427799485563903000; -0,6901286; 10,020332; 4,557363;
1427799485576293000; -0,92535895; 8,311471; 7,1903863;
1427799485588897000; -1,0301052; 7,504027; 9,073426;
1427799485602996000; -1,0815806; 6,1524997; 8,775947;
1427799485616394000; -0,14065935; 5,819107; 9,4217825;
1427799485629791000; 0,30945057; 5,6407394; 9,412804;
1427799485643737000; 1,115698; 6,5140243; 8,137892;
1427799485657196000; 1,5340848; 7,2969284; 7,041946;
1427799485671600000; 1,2599486; 6,9527617; 7,0024414;
1427799485689056000; 0,6751649; 6,547543; 7,8116817;
1427799485701446000; 0,032920275; 6,739678; 8,2354555;
1427799485715026000; -0,27712885; 6,7983356; 8,606557;
1427799485727966000; -1,09834; 6,783372; 8,485051;
1427799485741302000; -0,8912416; 7,8308353; 8,65025;
1427799485754943000; -0,53929394; 6,940192; 8,564658;
1427799485769012000; -0,61770403; 7,1784153; 6,165668;
1427799485781463000; -0,19871874; 7,4148426; 5,7496753;
1427799485793884000; -0,33399114; 8,037933; 6,2482677;
1427799485807189000; -0,83856916; 7,890092; 6,2243257;
1427799485819854000; -0,6290765; 7,9062524; 6,839037;
1427799485832580000; -0,56802434; 7,1227503; 6,8839283;
1427799485845672000; -0,27114335; 6,1716533; 6,4709287;
1427799485859588000; 0,3854665; 5,2810106; 6,3153057;
1427799485874389000; 0,04369418; 5,301361; 7,9451585;
1427799485886810000; -0,7990648; 6,4386067; 8,726267;
1427799485899261000; -1,4053963; 6,741473; 9,615114;
1427799485912292000; -1,2006922; 6,773795; 9,808446;
1427799485925323000; -0,4758476; 6,851008; 9,366715;
1427799485937988000; 0,6368576; 6,1728506; 8,315661;
1427799485954528000; 1,0462662; 5,4282537; 8,582615;
1427799485967346000; 0,9343372; 5,8424506; 9,308656;
1427799485989593000; 0,22565351; 6,7043633; 8,951322;
1427799486002655000; 0,34476504; 6,289568; 9,13388;
1427799486015350000; 0,5303157; 5,6203885; 9,531317;
1427799486032653000; 1,1599907; 5,9771247; 8,568848;
1427799486052093000; 1,8860323; 4,9661727; 8,441357;
1427799486063934000; 2,285864; 5,3300915; 8,891466;
1427799486078094000; 1,2455834; 5,361216; 9,274539;
1427799486091430000; 0,35075054; 6,071097; 8,789713;
1427799486105377000; 0,5506664; 6,0184245; 7,5974007;
1427799486118591000; 1,1851299; 5,4144874; 7,343615;
1427799486131774000; 1,1480197; 5,6030307; 7,731476;
1427799486153533000; 0,86131406; 6,2488666; 7,727885;
1427799486170654000; 1,460463; 5,834071; 7,4345946;
1427799486183959000; 1,5544355; 5,8161144; 7,7811556;
1427799486199432000; 1,4873978; 5,4857144; 7,52737;
1427799486212219000; 1,2120646; 5,781399; 7,5231805;
1427799486225891000; 1,163582; 5,583877; 7,498041;
1427799486238555000; 1,8537107; 5,3875523; 7,7374616;
1427799486251464000; 2,0961237; 5,442619; 8,503606;
1427799486264648000; 2,1631613; 5,5587378; 8,761581;
1427799486278350000; 1,9476831; 5,5766945; 8,383896;
1427799486291107000; 1,774702; 5,631761; 8,158841;
1427799486304382000; 1,9045875; 5,5946507; 8,400057;
1427799486317016000; 1,5215151; 5,679645; 8,770559;
1427799486329498000; 1,2198458; 5,7107697; 8,897452;
1427799486342376000; 1,1288661; 5,7424927; 8,522161;
1427799486360565000; 0,9091981; 5,9489927; 8,2169;
1427799486373657000; 0,46387658; 6,244078; 8,015189;
1427799486392089000; 0,504578; 6,193201; 7,289147;
1427799486405639000; 0,85652566; 5,9226565; 7,21373;
1427799486418579000; 1,1563994; 5,9448028; 7,7548194;
1427799486431121000; 1,3772645; 5,9370217; 7,6410947;
1427799486444732000; 1,3443443; 5,889736; 7,885902;
1427799486457489000; 1,1779473; 5,816713; 8,05589;
1427799486470184000; 0,93134445; 6,4224463; 8,2354555;
1427799486483062000; 0,8511387; 6,3165026; 8,401853;
1427799486496307000; 1,3377602; 5,5880666; 8,224682;
1427799486509155000; 1,2276269; 5,947197; 8,184579;
1427799486521820000; 0,81522566; 5,973533; 7,768586;
1427799486534484000; 0,9900024; 5,969942; 7,7051396;
1427799486547698000; 1,2910733; 5,8562174; 8,585608;
1427799486560668000; 1,0109516; 6,2249246; 8,993818;
1427799486577056000; 1,2665327; 5,952584; 8,815451;
1427799486589691000; 1,3156139; 5,769428; 8,765172;
1427799486602966000; 1,2503718; 5,8639984; 8,478467;
1427799486616119000; 1,1001357; 5,9543796; 8,2516165;
1427799486629272000; 1,0947487; 6,015432; 8,119336;
1427799486648681000; 1,6172832; 5,977723; 8,1959505;
1427799486663848000; 1,5071499; 6,0447607; 8,353969;
1427799486679382000; 1,8644845; 5,7802014; 8,273164;
1427799486692382000; 2,042254; 5,5138464; 8,711303;
1427799486706146000; 1,6897079; 5,6856303; 8,620323;
1427799486719238000; 1,3634979; 5,807136; 8,472482;
1427799486732299000; 1,70946; 5,649119; 8,417415;
1427799486745056000; 1,5520413; 6,0663085; 8,257602;
1427799486757812000; 1,7154455; 5,7562594; 8,007407;
1427799486770782000; 1,7609353; 5,680842; 7,889493;
1427799486782653000; 1,7735049; 5,7323174; 7,3579803;
1427799486795898000; 1,8124107; 6,427833; 7,2711906;
1427799486808959000; 2,343325; 5,5701103; 7,116166;
1427799486821777000; 2,391209; 5,873575; 6,9228344;
1427799486834869000; 2,223615; 6,5655; 7,457938;
1427799486850494000; -3,70383; 18,608932; 5,9783216;
1427799486868621000; -4,365228; 10,474034; 9,657013;
1427799486881164000; -3,2962172; 11,348516; 9,399636;
1427799486897369000; -1,8064252; 9,257779; 7,319673;
1427799486910522000; -0,7433996; 8,650849; 7,9756846;
1427799486946960000; 1,7441759; 4,2622776; 10,339958;
1427799486960357000; 2,6749218; 3,6846764; 9,8276;
1427799486973114000; 3,2393548; 3,269881; 9,348759;
1427799486985809000; 3,8827965; 2,8455088; 9,097368;
1427799486998992000; 5,1062336; 2,2798786; 8,314464;
1427799487011932000; 5,6898203; 1,9309237; 7,7440453;
1427799487024841000; 5,096657; 2,124854; 7,5561004;
1427799487038818000; 3,763685; 3,2483332; 7,37055;
1427799487051391000; 3,0029275; 3,858256; 7,026982;
1427799487064147000; 2,6539726; 3,721188; 6,724714;
1427799487076934000; 3,072958; 4,4418426; 6,5349736;
1427799487089538000; 3,7056258; 4,795586; 6,8186865;
1427799487102172000; 4,258686; 4,7159786; 7,141305;
1427799487115600000; 4,3885717; 4,7638626; 7,5441294;
1427799487128021000; 4,1216183; 5,2385135; 7,703344;
1427799487140899000; 3,6924577; 5,861006; 7,599795;
1427799487157348000; 3,0178912; 6,0345855; 7,7590094;
1427799487169769000; 2,7850552; 6,1890116; 7,789535;
1427799487183013000; 2,4486697; 6,3087215; 7,5495167;
1427799487195770000; 2,5474305; 6,196194; 7,2083426;
1427799487208282000; 2,8078; 6,017826; 6,991069;
1427799487220184000; 2,9538465; 5,7586536; 6,8240733;
1427799487232696000; 2,9454668; 5,5982423; 6,8360443;
1427799487246063000; 2,2876596; 5,716755; 7,231686;
1427799487260131000; 1,5149311; 6,1662664; 7,8463974;
1427799487272521000; 1,3347675; 6,542156; 7,8793178;
1427799487285064000; 1,2246342; 6,5960255; 7,7637978;
1427799487297882000; 1,5502456; 6,522404; 7,41185;
1427799487311340000; 2,180519; 6,3482256; 7,1221514;
1427799487324066000; 2,5222914; 6,154894; 6,9599442;
1427799487336730000; 2,777274; 6,108207; 6,819285;
1427799487349304000; 2,4779987; 6,1596823; 6,863578;
1427799487361877000; 1,7962499; 6,315904; 7,165247;
1427799487374542000; 1,1079168; 6,5906386; 7,4812818;
1427799487387054000; 0,9127894; 6,679224; 7,5363483;
1427799487399658000; 0,9343372; 6,4864907; 7,542334;
1427799487412200000; 0,88944596; 6,22672; 7,699753;
1427799487425170000; 0,93254155; 6,259042; 7,855974;
1427799487437835000; 1,210269; 6,181829; 7,8517847;
1427799487450347000; 1,5077485; 6,0519433; 7,7344685;
1427799487462432000; 1,7806876; 6,154894; 7,6883802;
1427799487474945000; 1,8363527; 6,1985884; 7,463924;
1427799487487609000; 1,5185224; 6,2285156; 7,5165963;
1427799487500549000; 1,2988545; 6,2345014; 7,436989;
1427799487513183000; 1,1881226; 6,3003416; 7,431602;
1427799487524871000; 0,84934306; 6,2943563; 7,7344685;
1427799487537872000; 0,62368953; 6,3105173; 7,851186;
1427799487550933000; 0,6967127; 6,306926; 7,924209;
1427799487564270000; 0,7715315; 6,1507044; 7,9595237;
1427799487577758000; 0,79966336; 6,217742; 8,135497;
1427799487590972000; 0,96905315; 6,4936733; 7,8649526;
1427799487602996000; 1,0133458; 6,652888; 7,86615;
1427799487616394000; 1,2144588; 5,9627595; 7,7973166;
1427799487629455000; 1,1683705; 5,3683987; 8,123527;
1427799487642089000; 0,85293436; 5,530606; 8,804677;
1427799487654815000; 0,5895722; 5,8903346; 9,378687;
1427799487672943000; -0,3764882; 6,3248825; 9,709086;
1427799487690429000; -0,59495914; 6,4044895; 9,315839;
1427799487703460000; -0,7667431; 5,947197; 9,255385;
1427799487716125000; -0,34117374; 5,795764; 9,154829;
1427799487735656000; -0,7356185; 5,0559554; 8,810063;
1427799487748046000; -0,6183026; 4,669292; 8,091205;
1427799487760467000; -0,34476504; 4,7165775; 7,7159133;
1427799487773040000; -0,9307459; 5,069722; 8,331821;
1427799487785461000; -1,6454151; 5,3522377; 8,399458;
1427799487798370000; -2,2900538; 5,221754; 7,8691425;
1427799487811706000; -2,6443958; 5,2786164; 7,0245876;
1427799487824676000; -2,7928362; 5,7424927; 6,3913217;
1427799487837402000; -1,8243817; 6,431424; 6,8091097;
1427799487850311000; -0,32920274; 7,0132155; 6,9707184;
1427799487862945000; 0,61052144; 8,097789; 6,7534447;
1427799487876007000; 0,6536171; 9,41041; 7,247847;
1427799487893127000; -1,3461399; 8,756194; 7,071873;
1427799487906890000; -2,5540147; 8,531737; 7,4974427;
1427799487919433000; -3,17531; 9,466075; 8,324639;
1427799487932342000; -2,7461493; 9,569026; 8,079832;
1427799487945190000; -1,9512744; 8,990826; 7,511808;
1427799487957824000; -1,3072342; 8,234857; 7,7608047;
1427799487970306000; -1,0271125; 7,7410526; 8,470087;
1427799487988555000; -1,1623849; 7,7584105; 9,411008;
1427799488005676000; -0,8265981; 7,7691846; 8,9602995;
1427799488018066000; -0,91697925; 8,261193; 8,598776;
1427799488030761000; -1,2575544; 8,961497; 8,103774;
1427799488043457000; -1,4903905; 9,69532; 7,2699933;
1427799488056091000; -1,4694413; 10,077793; 6,8109055;
1427799488069580000; -1,110311; 9,567828; 6,555923;
1427799488087371000; -0,5907693; 8,951322; 6,3524156;
1427799488106262000; -0,26156655; 9,006987; 6,415862;
1427799488118591000; -0,39923313; 8,842385; 6,3709707;
1427799488131591000; -0,4818331; 8,422802; 5,9771247;
1427799488145050000; -0,16340427; 8,589199; 5,3516393;
1427799488163482000; 0,89303726; 8,907627; 4,4915223;
1427799488176940000; 1,0923545; 8,928576; 3,5206735;
1427799488192138000; 0,6631939; 9,050082; 3,019687;
1427799488204528000; 0,50517654; 9,005191; 3,1747115;
1427799488217224000; 0,24361002; 9,10455; 3,5769374;
1427799488229980000; 0,25558102; 9,394249; 3,9306808;
1427799488243743000; -0,3585317; 9,464878; 4,1521444;
1427799488256774000; -0,6548142; 9,242816; 4,2359414;
1427799488269439000; -1,4993688; 9,892841; 4,797382;
1427799488284454000; -1,7328035; 10,31901; 4,821324;
1427799488297119000; -1,5526398; 10,341156; 4,0013094;
1427799488312042000; -1,0947487; 9,802461; 3,2968156;
1427799488324920000; -0,5518635; 9,072827; 2,5965118;
1427799488337432000; -0,22385786; 8,882488; 2,3157916;
1427799488350250000; -0,25318682; 9,170391; 2,3511062;
1427799488362945000; -0,20470424; 9,212888; 2,267309;
1427799488380401000; -0,31663316; 9,1272955; 2,6443958;
1427799488396575000; 0,054468088; 9,084799; 3,1920695;
1427799488409240000; -0,03172317; 8,853159; 2,6629508;
1427799488421630000; 0,1933318; 8,576031; 2,1871033;
1427799488434326000; 0,54767364; 8,179192; 1,6466122;
1427799488446746000; 0,92655605; 7,736264; 1,4466964;
1427799488459503000; 1,0420763; 7,1945763; 1,311424;
1427799488472167000; 1,1713632; 6,994062; 1,4149733;
1427799488493621000; 1,3940239; 6,2021794; 0,9672575;
1427799488508056000; 1,364695; 6,706159; 1,1240777;
1427799488520690000; 1,2252327; 7,382521; 1,3670892;
1427799488532684000; 1,0516531; 7,739257; 1,4101849;
1427799488545440000; 1,1264719; 7,7027454; 1,620276;
1427799488559112000; 1,0301052; 8,004415; 1,4490906;
1427799488571838000; 0,9840169; 8,318654; 1,3078327;
1427799488583648000; 1,0474633; 8,321647; 1,6657659;
1427799488599487000; 1,459266; 7,6590514; 2,3295584;
1427799488617431000; 1,323395; 7,233482; 2,1978772;
1427799488630065000; 1,525705; 5,9759274; 1,7328035;
1427799488642059000; 1,4012065; 3,6254199; 0,8391677;
1427799488654724000; 0,93732995; 1,0348936; -0,1412579;
1427799488667449000; 0,5650316; 0,62728083; -0,05207389;
1427799488680145000; 0,42317516; 0,8403648; 0,16879122;
1427799488693115000; 0,3196259; 0,8912416; 0,3274071;
1427799488705993000; 0,18195933; 0,3333926; 0,21547815;
1427799488718750000; 0,040102877; 0,04070143; 0,3788824;
1427799488731567000; -0,019752163; -0,023942016; 0,3812766;
1427799488744659000; 0,0017956513; -0,0077811554; 0,39923313;
1427799488757476000; -0,014963761; -0,0011971008; 0,39923313;
1427799488770172000; -0,010773907; -0,022146367; 0,3842694;
1427799488782653000; -0,011372458; -0,006584055; 0,37708676;
1427799488795318000; -0,020350715; -0,023343466; 0,38845924;
1427799488808013000; 0,0035913025; -0,009576807; 0,3597288;
1427799488820709000; -0,008978256; -0,01436521; 0,37948096;
1427799488833618000; -0,011372458; 0,004189853; 0,4261679;
1427799488846282000; -0,0011971008; 0,010175358; 0,40940848;
1427799488859008000; -0,01436521; -0,0035913025; 0,40581718;
1427799488871765000; 0,018555064; -0,0035913025; 0,4309563;
1427799488884643000; 0,004189853; -0,0011971008; 0,4381389;
1427799488903839000; 0,007182605; -0,0077811554; 0,41479546;
1427799488919708000; -0,017357962; -0,0023942017; 0,41718966;
1427799488934844000; -0,010175358; 0,007182605; 0,4285621;
1427799488946929000; 0,005985504; 0,004189853; 0,39025488;
1427799488962768000; 5,985504E-4; -0,021547815; 0,41958386;
1427799488977752000; 0,005985504; 0,034715924; 0,41120413;
1427799488991394000; 0,0017956513; 0,0023942017; 0,41180268;
1427799489004913000; 0,011372458; 0,019752163; 0,40641573;
1427799489022521000; -0,0023942017; -0,0035913025; 0,36272156;
1427799489035156000; 0,006584055; 0,016759412; 0,320823;
1427799489050842000; -10,58297; 19,612701; -10,232818;
1427799489063476000; -19,6133; 19,612701; -5,322909;
1427799489075927000; -19,6133; 19,612701; -8,429984;
1427799489087341000; -19,6133; 19,612701; -2,9317;
1427799489099975000; -6,862979; 15,667656; 2,3864205;
1427799489112670000; -1,9554642; 4,526837; 1,5795746;
1427799489125396000; -0,545878; 1,9572599; 0,84694886;
1427799489137817000; -0,5446809; 1,4879963; 0,38486794;
1427799489149841000; -0,6667852; 1,3281834; 0,33279404;
1427799489163879000; -0,7781156; 1,3150153; 0,31543607;
1427799489176513000; -0,8996213; 1,3192052; 0,29568392;
1427799489188934000; 0,533907; -0,0688333; 1,2599486;
1427799489201934000; 5,240309; -4,6279917; 2,9484594;
1427799489214355000; 7,020398; -5,142745; 2,7126305;
1427799489227386000; 6,711546; -5,0266266; 2,256535;
1427799489239868000; 5,209783; -3,7433343; 2,492364;
1427799489252563000; 1,4885949; -0,05686229; 3,2249897;
1427799489265289000; -4,2054152; 2,533664; -8,62152;
1427799489277709000; -4,4765587; 1,1504139; -19,6133;
1427799489290161000; -5,6886234; 0,6979098; -19,6133;
1427799489303100000; -9,062652; 2,505532; -17,642273;
1427799489316741000; -10,462662; 3,5224693; -13,381193;
1427799489329223000; -10,286089; 4,2658687; -12,825739;
1427799489343933000; -9,73662; 4,7740383; -9,877877;
1427799489356597000; -9,339781; 5,2798133; -6,9886746;
1427799489371215000; -8,210915; 5,0571527; -4,2042184;
1427799489383697000; -7,3723454; 4,8500543; -2,7030537;
1427799489396728000; -7,128137; 4,244321; -3,0298622;
1427799489409088000; -7,1059904; 2,6018987; -6,7642183;
1427799489421783000; -5,981314; 2,3762453; -7,994838;
1427799489434234000; -5,0200424; 2,0231004; -8,333019;
1427799489446777000; -4,7255554; 1,644218; -8,456919;
1427799489459503000; -5,243302; 2,0033484; -7,3286514;
1427799489471954000; -5,6299653; 2,3289597; -6,735488;
1427799489489379000; -5,381567; 2,7156234; -7,299921;
1427799489501464000; -5,2103815; 2,5689783; -7,6734166;
1427799489514251000; -5,3899465; 2,047641; -7,590218;
1427799489526824000; -5,5180364; 2,0284874; -7,302315;
1427799489539520000; -5,358822; 2,1948843; -7,3346367;
1427799489552154000; -5,2528787; 2,421735; -7,438186;
1427799489563903000; -5,4085016; 2,5312698; -7,3687544;
1427799489577667000; -5,4863133; 2,2732944; -7,289147;
1427799489590301000; -5,317522; 2,1619642; -7,4310036;
1427799489602935000; -5,3103395; 2,1888988; -7,502231;
1427799489615600000; -5,4192758; 2,303222; -7,404069;
1427799489628234000; -5,4617724; 2,3864205; -7,290344;
1427799489641021000; -5,3265004; 2,344522; -7,3364325;
1427799489653625000; -5,324106; 2,2703018; -7,361572;
1427799489665863000; -5,4085016; 2,292448; -7,387908;
1427799489679077000; -5,4085016; 2,2385786; -7,417237;
1427799489692291000; -5,365406; 2,2864625; -7,4016747;
1427799489705688000; -5,354632; 2,3116016; -7,301118;
1427799489718719000; -5,3833623; 2,2828712; -7,379528;
1427799489731384000; -5,373187; 2,2870612; -7,358579;
1427799489743591000; -5,3881507; 2,296638; -7,418434;
1427799489756225000; -5,3779755; 2,296638; -7,369353;
1427799489769073000; -5,370793; 2,2697031; -7,3926964;
1427799489781768000; -5,373187; 2,2894554; -7,392098;
1427799489794464000; -5,3899465; 2,2900538; -7,418434;
1427799489806091000; -5,397129; 2,3038206; -7,40347;
1427799489819427000; -5,3779755; 2,285864; -7,415441;
1427799489832122000; -5,3642087; 2,3020248; -7,409456;
1427799489853973000; -5,3761797; 2,2756886; -7,387908;
1427799489866394000; -5,37199; 2,2780828; -7,410054;
1427799489884216000; -5,3803697; 2,2888567; -7,3885064;
1427799489896606000; -5,395334; 2,285864; -7,371747;
1427799489909454000; -5,378574; 2,2756886; -7,387908;
1427799489922241000; -5,3863554; 2,296638; -7,394492;
1427799489935424000; -5,395334; 2,297835; -7,375937;
1427799489954681000; -5,365406; 2,271499; -7,4106526;
1427799489967254000; -5,397129; 2,295441; -7,340024;
1427799489979949000; -5,3863554; 2,295441; -7,3609734;
1427799489993591000; -5,3755813; 2,284667; -7,3909006;
1427799490009002000; -5,3701944; 2,2870612; -7,385514;
1427799490021667000; -5,358822; 2,297835; -7,410054;
1427799490034362000; -5,3875523; 2,2990322; -7,3645644;
1427799490047302000; -5,380968; 2,3020248; -7,380127;
1427799490060577000; -5,3558292; 2,285864; -7,385514;
1427799490073242000; -5,3761797; 2,2864625; -7,4106526;
1427799490085876000; -5,377377; 2,297835; -7,395689;
1427799490098541000; -5,3941364; 2,2906525; -7,3885064;
1427799490110931000; -5,379173; 2,3068132; -7,3669586;
1427799490124298000; -5,398925; 2,3050177; -7,393295;
1427799490137512000; -5,3779755; 2,2996306; -7,4082584;
1427799490149841000; -5,379771; 2,2960393; -7,404069;
1427799490165985000; -5,385158; 2,2942438; -7,3831196;
1427799490179107000; -5,3803697; 2,2876596; -7,3747396;
1427799490191711000; -5,3761797; 2,3056161; -7,315483;
1427799490204376000; -5,5096564; 2,3756466; -7,642292;
1427799490217742000; -5,192425; 2,3451207; -7,140108;
1427799490230468000; -5,2941785; 2,0362685; -7,2861543;
1427799490250152000; -5,57849; 2,441487; -7,507618;
1427799490262908000; -5,451597; 2,248754; -7,49026;
1427799490274871000; -5,1846437; 2,2164323; -7,2185183;
1427799490288238000; -5,285799; 2,2403743; -7,2526355;
1427799490301269000; -5,4863133; 2,3828292; -7,3867106;
1427799490313934000; -5,4551888; 2,3570917; -7,543531;
1427799490326843000; -5,3378725; 2,2182279; -7,32925;
1427799490339782000; -5,33907; 2,2188265; -7,3484035;
1427799490352508000; -5,313332; 2,3050177; -7,3220673;
1427799490365325000; -4,7979803; 2,3505075; -5,655703;
1427799490378204000; -4,18686; 2,0398598; -6,953959;
1427799490390930000; -4,5322237; 2,006341; -6,87914;
1427799490403503000; -4,1880574; 1,8644845; -6,554127;
1427799490415496000; -3,7122097; 1,8142064; -7,047333;
1427799490430267000; -3,7654808; 2,0207062; -6,777985;
1427799490442871000; -5,0397944; 2,6090813; -7,926005;
1427799490455627000; -6,142923; 2,4552538; -7,7853456;
1427799490468353000; -6,602011; 2,2589293; -7,053318;
1427799490481048000; -6,489484; 1,8555063; -6,5164185;
1427799490493652000; -5,6347537; 1,483208; -6,3380504;
1427799490506347000; -5,480926; 1,2413936; -5,8604074;
1427799490520050000; -6,1938; 0,50038815; -6,3901243;
1427799490533050000; -6,991069; 0,21308395; -7,597999;
1427799490546142000; -7,422025; 0,44113165; -8,063073;
1427799490558746000; -8,230068; 0,545878; -8,696339;
1427799490571594000; -7,973889; -0,12090719; -8,928576;
1427799490584320000; -7,1275387; -0,6434417; -8,604761;
1427799490597106000; -6,5619082; -0,59256494; -7,6764092;
1427799490609802000; -5,8203044; -0,54767364; -7,0862384;
1427799490622406000; -5,309741; -0,0077811554; -7,0587053;
1427799490634185000; -5,7987566; 0,25797522; -6,8611836;
1427799490646820000; -6,39611; 0,11911154; -7,3047094;
1427799490659423000; -7,2047515; -0,5590461; -8,265383;
1427799490672393000; -7,9116397; -1,4598645; -8,48146;
1427799490684967000; -8,221688; -2,220622; -7,4202294;
1427799490696716000; -7,467515; -1,8501194; -7,3112936;
1427799490709289000; -6,903082; -0,92296475; -7,436989;
1427799490721954000; -5,6138043; -0,09876082; -6,9892735;
1427799490734619000; -4,3059716; 0,5626374; -7,1903863;
1427799490747344000; -5,0026846; 0,6063316; -6,8252707;
1427799490759155000; -5,6006365; 0,8110358; -6,4739213;
1427799490771789000; -6,401497; 1,0737995; -6,733692;
1427799490787048000; -7,1688385; -0,3537433; -7,6865845;
1427799490801727000; -7,3047094; -1,7872716; -9,437345;
1427799490814453000; -6,6445084; -1,7058687; -9,662399;
1427799490827514000; -6,217143; -1,4478935; -9,470264;
1427799490841064000; -5,368997; -0,97144735; -8,668207;
1427799490854125000; -4,570531; 0,23822308; -7,855376;
1427799490867309000; -4,150947; 0,55126494; -7,851186;
1427799490879943000; -4,2413282; -0,741604; -7,1526775;
1427799490892028000; -4,3059716; -1,7340006; -6,529587;
1427799490904846000; -5,0463786; -2,6731262; -5,9124813;
1427799490917510000; -7,438186; -4,6513352; -6,4499793;
1427799490930145000; -7,463325; -4,383185; -8,343793;
1427799490942779000; -7,0928226; -3,132813; -7,4286094;
1427799490954589000; -6,6612678; -1,6998832; -7,8583684;
1427799490967193000; -6,517017; -1,3317747; -8,7292595;
1427799490979797000; -6,7965403; -2,1254525; -8,80767;
1427799490992431000; -6,937798; -2,2511482; -8,5473;
1427799491005096000; -6,875549; -1,7567455; -9,053075;
1427799491017028000; -6,8330517; -1,4993688; -9,454104;
1427799491028900000; -7,2789717; -1,6065093; -9,547478;
1427799491041473000; -7,1790137; -1,3132197; -9,161413;
1427799491054351000; -7,4322004; -1,0432734; -8,456321;
1427799491067108000; -8,388085; -0,5117606; -8,036138;
1427799491079559000; -8,81605; -0,7212533; -8,171411;
1427799491091949000; -9,200318; -1,5107412; -8,084022;
1427799491104339000; -9,385869; -1,2180501; -7,2424603;
1427799491116790000; -9,803059; -0,9840169; -6,5924344;
1427799491129333000; -10,259154; -0,94570965; -5,61979;
1427799491141754000; -10,788872; -1,1653777; -5,266645;
1427799491154174000; -11,052234; -1,1947067; -4,799776;
1427799491166687000; -10,827179; -1,2886791; -4,183269;
1427799491179199000; -10,547656; -1,4987702; -3,7547069;
1427799491192047000; -10,538078; -1,6747441; -3,3141737;
1427799491204772000; -10,248381; -1,6154876; -2,556409;
1427799491217163000; -10,086772; -1,7375919; -2,2762873;
1427799491229797000; -10,232818; -2,0260932; -1,963844;
1427799491242187000; -10,282497; -2,1535845; -1,4407109;
1427799491254638000; -10,069414; -2,0626047; -1,0851719;
1427799491274841000; -9,305663; -2,260725; -0,19393034;
1427799491287994000; -9,473856; -3,2393548; -0,22325931;
1427799491300445000; -10,043077; -3,8217444; -0,2789245;
1427799491312927000; -10,518925; -3,4153287; 0,6841431;
1427799491325592000; -10,792462; -2,2990322; 2,1254525;
1427799491338378000; -11,074979; -1,5699978; 3,05141;
1427799491350799000; -11,122863; -1,543063; 2,8048072;
1427799491363281000; -10,673351; -1,5286977; 3,157952;
1427799491375915000; -9,917382; -1,2264298; 4,5058875;
1427799491389495000; -9,354745; -1,3323733; 5,0451818;
1427799491401428000; -3,7205894; -0,11671733; 3,5470097;
1427799491414825000; -5,2385135; 1,8734628; 8,1558485;
1427799491430328000; -7,1951747; -0,62249243; 7,8068933;
1427799491442840000; -8,189965; -0,58538234; 8,434174;
1427799491454956000; -7,7368627; 0,022146367; 7,953538;
1427799491467559000; -6,8982935; -0,14305355; 7,5351515;
1427799491479949000; -6,3823433; -0,3824737; 7,9990277;
1427799491492492000; -6,455965; -0,99658644; 9,603742;
1427799491509277000; -7,0593038; -1,6795325; 11,774684;
1427799491523010000; -6,8731546; -1,6394296; 12,312182;
1427799491535430000; -6,688801; -1,678934; 11,824364;
1427799491548309000; -6,0489507; -1,7896658; 10,834361;
1427799491560852000; -5,1367598; -2,0159178; 10,223241;
1427799491572692000; -4,498705; -2,2200236; 9,734225;
1427799491585113000; -3,9803603; -1,6525977; 9,392453;
1427799491598175000; -3,477578; -1,2210429; 9,545084;
1427799491610839000; -3,3596635; -1,4706384; 9,892242;
1427799491623229000; -3,352481; -1,5987282; 10,374076;
1427799491634735000; -3,582923; -0,94331545; 10,556634;
1427799491646179000; -3,4644098; -0,60094464; 10,177153;
1427799491658294000; -3,2632968; -0,51714754; 9,659407;
1427799491672576000; -2,396596; 0,22864626; 8,718486;
1427799491687957000; -1,4598645; 0,47644615; 8,352771;
1427799491700378000; -1,18094; 0,24001873; 7,739856;
1427799491712341000; -1,0283096; 0,25139117; 7,667431;
1427799491724792000; -0,7152678; 0,28550854; 7,521983;
1427799491737274000; -0,3764882; 0,46267948; 7,2191167;
1427799491752380000; -0,029927522; 0,8655039; 7,305308;
1427799491764801000; 0,10594343; 0,9576807; 7,704541;
1427799491777435000; 0,044891283; 0,97743285; 8,476671;
1427799491789886000; -0,08559271; 1,2336124; 8,714894;
1427799491802337000; -0,06404489; 1,5855601; 8,520366;
1427799491813903000; 0,08619126; 1,6394296; 7,654263;
1427799491826354000; 0,23582886; 1,690905; 7,1826053;
1427799491838836000; 0,49200845; 2,1362264; 6,8623805;
1427799491851257000; 0,587178; 2,6749218; 7,0287776;
1427799491863708000; 0,320823; 3,2932243; 7,093421;
1427799491876159000; 0,076614454; 3,7152026; 7,0168066;
1427799491888549000; -0,23642741; 3,7708676; 6,851607;
1427799491911132000; -0,40821138; 3,7140055; 7,083844;
1427799491923278000; -0,58897364; 3,6996403; 7,4950485;
1427799491935638000; -0,9211691; 3,8253357; 7,6949644;
1427799491948028000; -0,97982705; 3,982156; 7,817667;
1427799491960540000; -0,5542577; 4,0743327; 7,855974;
1427799491972961000; -0,26874915; 4,2161894; 8,379706;
1427799491985443000; -0,17298107; 4,2850223; 8,463503;
1427799491998107000; 0,073023155; 4,1425676; 8,539519;
1427799492016113000; 0,05925649; 3,2998085; 8,158242;
1427799492028533000; 0,22685061; 3,080739; 7,908048;
1427799492040435000; 0,41180268; 3,1112652; 7,533954;
1427799492052886000; 0,4938041; 3,128623; 7,49445;
1427799492070281000; 0,12988544; 4,171298; 8,8088665;
1427799492082763000; -0,7314286; 4,6046486; 10,425551;
1427799492095184000; -1,3892355; 4,3777976; 10,897807;
1427799492107635000; -0,8750807; 3,952827; 10,329783;
1427799492120056000; 0,01316811; 3,7708676; 9,745;
1427799492132507000; 0,70509243; 3,618836; 8,863335;
1427799492144927000; 1,0971429; 3,457826; 8,149264;
1427799492157409000; 1,0761937; 3,448249; 7,6680293;
1427799492169830000; 0,6859388; 3,8492777; 7,2167225;
1427799492183044000; 0,8738836; 4,2940006; 7,790134;
1427799492196441000; 0,6075287; 4,2999864; 6,4511766;
1427799492208892000; 0,74998367; 4,720767; 5,1888337;
1427799492221343000; 0,8379706; 5,301361; 4,1892543;
1427799492233764000; 0,25378537; 5,6700683; 3,5757403;
1427799492246215000; -0,6392518; 5,9052987; 3,4793737;
1427799492259002000; -2,332551; 6,3446345; 4,572925;
1427799492271423000; -4,1611223; 6,841431; 5,2798133;
1427799492283874000; -4,560954; 7,7626004; 6,2793927;
1427799492296295000; -4,4939165; 9,417592; 7,980473;
1427799492308746000; -4,8039656; 10,062231; 8,989629;
1427799492321289000; -5,504868; 8,620323; 9,232041;
1427799492333770000; -5,686229; 7,482479; 8,684368;
1427799492347961000; -4,957195; 6,681618; 7,4884644;
1427799492360443000; -3,9947255; 6,695385; 6,2087636;
1427799492372894000; -3,5170822; 6,7731967; 5,439028;
1427799492385284000; -3,5380316; 6,5152216; 5,0421886;
1427799492397766000; -3,6098576; 6,2686186; 4,746505;
1427799492410339000; -3,4997244; 6,3889275; 4,743512;
1427799492423095000; -3,3836055; 6,7570357; 5,0625396;
1427799492436035000; -3,7582982; 6,871359; 4,6375685;
1427799492448455000; -4,220978; 6,831256; 4,609437;
1427799492462066000; -4,128801; 6,915652; 4,7261543;
1427799492475097000; -3,551798; 6,9581485; 4,820725;
1427799492487976000; -3,157952; 6,9784994; 4,9775453;
1427799492502502000; -3,0160956; 7,140108; 5,46297;
1427799492514923000; -3,6655228; 7,1347213; 5,8651958;
1427799492527374000; -4,1503487; 6,7199254; 5,510854;
1427799492539825000; -3,7457285; 6,669049; 5,266645;
1427799492552581000; -3,1597476; 7,068282; 5,081693;
1427799492565002000; -2,658761; 7,527969; 5,00867;
1427799492577423000; -2,4109612; 7,627328; 4,7818193;
1427799492590179000; -2,4001873; 7,7368627; 4,929063;
1427799492602905000; -2,4833858; 7,7799582; 5,0308166;
1427799492615814000; -2,6114755; 7,799112; 5,0302176;
1427799492638519000; -2,5629928; 7,44896; 5,170877;
1427799492651062000; -2,8257565; 7,057508; 5,288193;
1427799492663757000; -2,954445; 7,355586; 4,9069166;
1427799492676269000; -2,8389246; 7,8930845; 4,5034933;
1427799492688751000; -2,4289176; 8,287529; 3,9833531;
1427799492701477000; -1,7633295; 7,8829093; 2,9550436;
1427799492717559000; -0,9403227; 7,514202; 2,8401217;
1427799492730010000; -0,9091981; 7,271789; 2,9694088;
1427799492745849000; -1,299453; 7,3753386; 3,7834373;
1427799492757354000; -1,6400281; 7,685986; 4,575918;
1427799492769409000; -2,0536265; 7,8972745; 5,28939;
1427799492781860000; -2,3415294; 7,8428063; 5,9585695;
1427799492794311000; -2,4049757; 7,554305; 6,8091097;
1427799492810333000; -2,207454; 7,3226657; 7,2723875;
1427799492825592000; -1,9297266; 7,382521; 7,4693108;
1427799492838531000; -1,8387469; 7,2969284; 7,583634;
1427799492851379000; -1,6956934; 7,505822; 8,059482;
1427799492864288000; -1,002572; 7,1826053; 8,289924;
1427799492876525000; -0,55725044; 6,362591; 7,608773;
1427799492890167000; -0,5141548; 6,281188; 7,6590514;
1427799492902801000; -0,54408234; 6,471527; 8,470087;
1427799492918701000; -0,48722005; 6,5966244; 8,88608;
1427799492932128000; -0,32202014; 6,417658; 8,098986;
1427799492945343000; -0,30226797; 5,771223; 7,0808516;
1427799492958068000; 0,4782418; 5,7640405; 7,2005615;
1427799492970184000; 0,7188591; 6,4380083; 7,5968018;
1427799492983245000; 0,30825347; 6,815095; 7,8811135;
1427799492995910000; -0,37588966; 7,4687123; 8,6299;
1427799493008605000; -0,8343793; 7,8302364; 9,309854;
1427799493021026000; -0,9923966; 7,8493905; 9,542689;
1427799493032684000; -0,84216046; 7,6291237; 9,368511;
1427799493045349000; -0,6314707; 7,4842744; 8,898649;
1427799493063903000; -0,23822308; 7,375937; 8,459313;
1427799493076507000; 0,2184709; 7,152079; 8,009203;
1427799493091583000; 0,8475474; 6,8109055; 7,229292;
1427799493104248000; 1,3383588; 6,613384; 7,1113777;
1427799493116851000; 1,359308; 6,491279; 7,349002;
1427799493131225000; 0,9900024; 6,4805055; 7,804499;
1427799493143829000; 0,6937199; 6,779781; 8,07265;
1427799493156555000; 0,31483752; 7,2699933; 8,106767;
1427799493169250000; 0,03172317; 7,5429325; 7,6722193;
1427799493182220000; -0,30107087; 8,854357; 8,543709;
1427799493195068000; -0,82779527; 8,574833; 8,160637;
1427799493207794000; -0,93972415; 8,026561; 7,225701;
1427799493220153000; -0,41838676; 7,7865424; 7,055114;
1427799493232818000; 0,075417355; 7,311892; 7,105392;
1427799493245544000; 0,06823475; 7,0144124; 7,0730705;
1427799493257019000; 0,0664391; 7,117962; 7,0952168;
1427799493269104000; -0,016759412; 7,065289; 6,953959;
1427799493283782000; -0,012569559; 7,007828; 7,6470804;
1427799493297149000; -0,08798691; 6,9342065; 7,315483;
1427799493309570000; 0,089184016; 6,8306575; 7,0850415;
1427799493321716000; 0,3788824; 6,839636; 7,0102224;
1427799493334320000; 0,32621; 7,1071877; 7,0467343;
1427799493347290000; 0,22565351; 7,240066; 7,049727;
1427799493360107000; 0,22984336; 7,349002; 6,7600284;
1427799493372985000; 0,20111294; 7,3346367; 6,6588736;
1427799493386260000; 0,0047884034; 7,043143; 7,018004;
1427799493398956000; -0,12808979; 6,7564373; 7,77517;
1427799493412078000; -0,18016368; 6,976105; 8,222886;
1427799493426086000; -0,16938977; 7,460931; 8,273164;
1427799493438873000; -0,005985504; 7,2885485; 7,980473;
1427799493451507000; 0,11671733; 6,89171; 7,7129207;
1427799493464141000; 0,260968; 6,289568; 7,567473;
1427799493477020000; 0,42317516; 6,141726; 7,36636;
1427799493489624000; 0,57041854; 6,093243; 7,1820064;
1427799493502044000; 0,45489833; 6,4248405; 7,0144124;
1427799493514831000; 0,16699557; 7,249643; 6,967127;
1427799493527465000; -0,17776948; 7,826047; 6,531382;
1427799493540100000; -0,2657564; 8,015787; 6,2943563;
1427799493552612000; -0,2124854; 7,6147585; 6,244078;
1427799493565277000; -0,048482586; 7,2544312; 6,375759;
1427799493577941000; 0,14724341; 7,204153; 6,447585;
1427799493590667000; 0,14963761; 7,5363483; 7,165247;
1427799493602935000; 0,13108255; 7,5566993; 7,303512;
1427799493615539000; 0,18255788; 7,071873; 7,0132155;
1427799493628204000; 0,3298013; 6,971317; 6,628946;
1427799493640960000; -0,073023155; 7,741651; 5,9986725;
1427799493653686000; 0,022146367; 8,127716; 6,5924344;
1427799493665496000; -0,0688333; 8,136695; 6,8186865;
1427799493678283000; -0,41359833; 7,631518; 6,203975;
1427799493690917000; -0,74758947; 7,555502; 6,423643;
1427799493704589000; -0,4249708; 7,498041; 5,327099;
1427799493722473000; -0,10354923; 8,547898; 5,3618145;
1427799493735198000; -0,061052144; 8,719084; 5,309142;
1427799493747863000; -0,065242; 8,075643; 5,2564697;
1427799493760498000; 0,59256494; 7,511808; 5,4114943;
1427799493773162000; 0,61650693; 7,6045833; 5,7945666;
1427799493785797000; 0,7038953; 7,3460093; 6,3141084;
1427799493798248000; 0,44532153; 7,6369047; 6,8438253;
1427799493810913000; 0,31304187; 7,5686703; 6,91625;
1427799493823608000; 0,41240123; 7,776367; 6,95336;
1427799493836334000; 0,092176765; 7,903858; 7,133524;
1427799493849060000; -0,15502456; 7,897873; 7,2089415;
1427799493864379000; -0,12210429; 7,9972324; 6,6852098;
1427799493876373000; -0,17896658; 8,055291; 6,1183825;
1427799493889038000; -0,17776948; 8,110358; 5,747281;
1427799493901733000; -0,22565351; 8,1797905; 5,6628857;
1427799493914428000; -0,36990416; 8,415619; 5,8400564;
1427799493927093000; -0,45429978; 8,428188; 5,8292828;
1427799493938873000; -0,4950012; 8,230068; 5,8334723;
1427799493951507000; -0,4357447; 7,9475527; 5,880758;
1427799493964263000; -0,41718966; 7,2502413; 5,8161144;
1427799493976989000; -0,11911154; 7,693767; 5,7442884;
1427799493989593000; 0,16759412; 7,4082584; 5,361216;
1427799494001403000; 0,11372458; 7,20116; 5,9184666;
1427799494014007000; -0,02873042; 7,2286935; 6,4062853;
1427799494026702000; -0,46507367; 7,5704656; 6,96593;
1427799494039398000; -0,6967127; 7,825448; 7,2221093;
1427799494052032000; -0,6901286; 7,7584105; 7,335834;
1427799494063903000; -0,48961425; 7,550115; 7,043741;
1427799494076629000; -0,32680854; 7,4723034; 6,794146;
1427799494089263000; -0,20949265; 7,409456; 6,4505777;
1427799494101898000; -0,24779987; 7,521983; 6,359598;
1427799494114562000; -0,33399114; 7,650073; 6,3141084;
1427799494126434000; -0,29029694; 7,716512; 6,459556;
1427799494139068000; -0,25258827; 7,7081323; 6,447585;
1427799494151733000; -0,3465607; 7,705738; 6,64391;
1427799494164428000; -0,42197806; 7,72968; 6,8408327;
1427799494177093000; -0,362123; 7,6345105; 6,8623805;
1427799494188903000; -0,2172738; 7,5680714; 6,7486563;
1427799494201873000; -0,12749124; 7,5890207; 6,8504095;
1427799494214782000; -0,08319851; 7,48607; 6,889914;
1427799494227630000; -0,017956512; 7,3831196; 6,8528037;