7211984519971; 0,15690641; 1,7063572; 9,787037;
7212000602734; 0,21574631; 0,9904717; 10,002784;
7212010551465; 0,32361946; 0,61781895; 10,140077;
7212020530714; 0,30400616; 0,47071922; 10,179304;
7212030632032; 0,2745862; 0,34323275; 10,169497;
7212040946974; 0,28439286; 0,33342612; 10,18911;
7212051811231; 0,26477957; 0,2745862; 10,15969;
7212060630811; 0,2745862; 0,30400616; 10,198917;
7212070762646; 0,26477957; 0,28439286; 10,21853;
7212080711377; 0,2549729; 0,2549729; 10,257756;
7212090782178; 0,2745862; 0,23535961; 10,228337;
7212101402296; 0,29419953; 0,26477957; 10,238143;
7212117088331; 0,32361946; 0,24516626; 10,208723;
7212120780959; 0,32361946; 0,22555298; 10,21853;
7212130577100; 0,30400616; 0,24516626; 10,238143;
7212140647901; 0,29419953; 0,26477957; 10,238143;
7212150627148; 0,29419953; 0,26477957; 10,208723;
7212160667432; 0,26477957; 0,23535961; 10,21853;
7212171226514; 0,26477957; 0,26477957; 10,247951;
7212182914747; 0,24516626; 0,2549729; 10,247951;
7212191551222; 0,28439286; 0,28439286; 10,198917;
7212201072707; 0,2745862; 0,28439286; 10,18911;
7212210868849; 0,24516626; 0,2745862; 10,208723;
7212221336377; 0,24516626; 0,2549729; 10,198917;
7212230949414; 0,24516626; 0,2549729; 10,228337;
7212241264355; 0,2549729; 0,29419953; 10,228337;
7212250846875; 0,28439286; 0,28439286; 10,238143;
7212260643018; 0,29419953; 0,2549729; 10,238143;
7212270530714; 0,2745862; 0,24516626; 10,247951;
7212280693068; 0,24516626; 0,24516626; 10,247951;
7212291862501; 0,28439286; 0,2549729; 10,247951;
7212300560010; 0,26477957; 0,2549729; 10,267563;
7212311393750; 0,29419953; 0,24516626; 10,21853;
7212320518506; 0,28439286; 0,28439286; 10,238143;
7212331047071; 0,31381282; 0,30400616; 10,247951;
7212340538038; 0,29419953; 0,29419953; 10,228337;
7212350486769; 0,2549729; 0,29419953; 10,208723;
7212360649123; 0,2549729; 0,2745862; 10,21853;
7212370689405; 0,26477957; 0,29419953; 10,267563;
7212380790723; 0,30400616; 0,24516626; 10,238143;
7212391136181; 0,30400616; 0,29419953; 10,238143;
7212400871289; 0,31381282; 0,28439286; 10,238143;
7212410606397; 0,2549729; 0,31381282; 10,238143;
7212420768751; 0,2549729; 0,29419953; 10,228337;
7212431297316; 0,2745862; 0,24516626; 10,27737;
7212440605176; 0,26477957; 0,24516626; 10,208723;
7212450645459; 0,30400616; 0,23535961; 10,228337;
7212460655224; 0,2745862; 0,2745862; 10,247951;
7212470909130; 0,2745862; 0,23535961; 10,208723;
7212480583203; 0,2745862; 0,22555298; 10,18911;
7212490501416; 0,2549729; 0,28439286; 10,238143;
7212500633253; 0,28439286; 0,29419953; 10,267563;
7212510948194; 0,2745862; 0,29419953; 10,247951;
7212520591749; 0,2549729; 0,2745862; 10,247951;
7212532279980; 0,24516626; 0,2549729; 10,208723;
7212540641796; 0,28439286; 0,21574631; 10,257756;
7212550682079; 0,33342612; 0,2549729; 10,238143;
7212560722362; 0,30400616; 0,23535961; 10,257756;
7212570671093; 0,2745862; 0,18632637; 10,257756;
7212580589306; 0,34323275; 0,21574631; 10,208723;
7212590599072; 0,32361946; 0,23535961; 10,238143;
7212600639356; 0,30400616; 0,2549729; 10,198917;
7212610801710; 0,28439286; 0,20593967; 10,18911;
7212621360792; 0,3530394; 0,21574631; 10,208723;
7212631004346; 0,3530394; 0,22555298; 10,18911;
7212640525830; 0,31381282; 0,2549729; 10,228337;
7212650566113; 0,28439286; 0,28439286; 10,257756;
7212660514843; 0,26477957; 0,28439286; 10,238143;
7212670768749; 0,2549729; 0,26477957; 10,208723;
7212680534375; 0,28439286; 0,29419953; 10,208723;
7212690849316; 0,2745862; 0,28439286; 10,247951;
7212700675977; 0,2745862; 0,26477957; 10,267563;
7212710472120; 0,30400616; 0,24516626; 10,21853;
7212720603956; 0,36284605; 0,24516626; 10,238143;
7212730461134; 0,34323275; 0,23535961; 10,257756;
7212740531934; 0,32361946; 0,2745862; 10,228337;
7212750480664; 0,2745862; 0,2549729; 10,208723;
7212760612500; 0,2745862; 0,2549729; 10,179304;
7212770469677; 0,24516626; 0,2549729; 10,179304;
7212780723582; 0,26477957; 0,22555298; 10,208723;
7212790489208; 0,2745862; 0,22555298; 10,208723;
7212800834667; 0,26477957; 0,29419953; 10,228337;
7212810691845; 0,30400616; 0,24516626; 10,267563;
7212820640576; 0,28439286; 0,26477957; 10,247951;
7212830741895; 0,30400616; 0,28439286; 10,238143;
7212840751661; 0,30400616; 0,28439286; 10,247951;
7212850608839; 0,28439286; 0,24516626; 10,257756;
7212860557570; 0,33342612; 0,24516626; 10,27737;
7212870658887; 0,31381282; 0,2549729; 10,228337;
7212880516064; 0,26477957; 0,22555298; 10,238143;
7212890495312; 0,29419953; 0,2549729; 10,238143;
7212900566112; 0,28439286; 0,26477957; 10,247951;
7212910545361; 0,29419953; 0,23535961; 10,238143;
7212920646679; 0,2745862; 0,21574631; 10,267563;
7212930534375; 0,28439286; 0,21574631; 10,247951;
7212940696729; 0,2745862; 0,24516626; 10,21853;
7212960594190; 0,28439286; 0,24516626; 10,208723;
7212970726027; 0,32361946; 0,24516626; 10,198917;
7212980552686; 0,33342612; 0,23535961; 10,247951;
7212990745557; 0,30400616; 0,23535961; 10,198917;
7213000724804; 0,26477957; 0,21574631; 10,238143;
7213010459911; 0,2745862; 0,21574631; 10,257756;
7213020591747; 0,31381282; 0,23535961; 10,257756;
7213041038525; 0,28439286; 0,28439286; 10,228337;
7213050498975; 0,29419953; 0,2549729; 10,228337;
7213060630811; 0,30400616; 0,24516626; 10,21853;
7213071098341; 0,34323275; 0,2745862; 10,238143;
7213080894483; 0,33342612; 0,2745862; 10,27737;
7213090507519; 0,3530394; 0,2549729; 10,257756;
7213100547802; 0,30400616; 0,22555298; 10,247951;
7213110496532; 0,31381282; 0,23535961; 10,238143;
7213120597851; 0,29419953; 0,28439286; 10,247951;
7213130485546; 0,24516626; 0,2745862; 10,247951;
7213140708935; 0,2549729; 0,2745862; 10,238143;
7213150688184; 0,2549729; 0,26477957; 10,238143;
7213160636915; 0,2745862; 0,23535961; 10,238143;
7213170555128; 0,2745862; 0,23535961; 10,267563;
7213180931105; 0,28439286; 0,2549729; 10,257756;
7213190574659; 0,2745862; 0,23535961; 10,238143;
7213200614941; 0,28439286; 0,23535961; 10,208723;
7213210533154; 0,2745862; 0,21574631; 10,21853;
7213221122753; 0,29419953; 0,26477957; 10,21853;
7213230644237; 0,28439286; 0,23535961; 10,21853;
7213240684521; 0,30400616; 0,23535961; 10,238143;
7213250572217; 0,2549729; 0,2549729; 10,238143;
7213260643018; 0,2549729; 0,24516626; 10,267563;
7213270622266; 0,2745862; 0,23535961; 10,316596;
7213280632032; 0,28439286; 0,23535961; 10,27737;
7213290580763; 0,31381282; 0,23535961; 10,287176;
7213300621046; 0,31381282; 0,26477957; 10,257756;
7213310813916; 0,29419953; 0,26477957; 10,18911;
7213320549023; 0,28439286; 0,26477957; 10,18911;
7213331016552; 0,26477957; 0,24516626; 10,228337;
7213340507519; 0,30400616; 0,2745862; 10,21853;
7213350639355; 0,33342612; 0,2745862; 10,228337;
7213360496533; 0,31381282; 0,28439286; 10,267563;
7213370628370; 0,2745862; 0,2745862; 10,326404;
7213381340040; 0,2549729; 0,26477957; 10,27737;
7213390495314; 0,22555298; 0,28439286; 10,27737;
7213400627149; 0,26477957; 0,24516626; 10,257756;
7213410667432; 0,2745862; 0,24516626; 10,267563;
7213420524609; 0,26477957; 0,24516626; 10,27737;
7213430839549; 0,26477957; 0,2549729; 10,247951;
7213440635692; 0,28439286; 0,24516626; 10,257756;
7213450553906; 0,29419953; 0,2549729; 10,27737;
7213460533154; 0,29419953; 0,23535961; 10,228337;
7213470756543; 0,2745862; 0,21574631; 10,228337;
7213480491651; 0,2745862; 0,23535961; 10,198917;
7213490745558; 0,2745862; 0,2745862; 10,18911;
7213500602736; 0,2549729; 0,28439286; 10,198917;
7213510581983; 0,28439286; 0,2549729; 10,18911;
7213520774854; 0,2745862; 0,22555298; 10,21853;
7213530540478; 0,29419953; 0,2549729; 10,228337;
7213541526805; 0,32361946; 0,28439286; 10,247951;
7213550804150; 0,32361946; 0,24516626; 10,208723;
7213560569775; 0,32361946; 0,23535961; 10,198917;
7213570793164; 0,31381282; 0,20593967; 10,228337;
7213580589307; 0,29419953; 0,23535961; 10,149884;
7213590568555; 0,28439286; 0,22555298; 10,15969;
7213600578321; 0,30400616; 0,26477957; 10,21853;
7213610771193; 0,31381282; 0,31381282; 10,198917;
7213621421827; 0,29419953; 0,28439286; 10,228337;
7213642234814; 0,30400616; 0,28439286; 10,21853;
7213650871288; 0,28439286; 0,29419953; 10,238143;
7213661552441; 0,2549729; 0,26477957; 10,208723;
7213670677197; 0,31381282; 0,26477957; 10,208723;
7213680686963; 0,32361946; 0,26477957; 10,228337;
7213690971387; 0,29419953; 0,26477957; 10,208723;
7213701835645; 0,23535961; 0,22555298; 10,257756;
7213710624708; 0,24516626; 0,20593967; 10,238143;
7213720664991; 0,24516626; 0,24516626; 10,257756;
7213730613721; 0,23535961; 0,23535961; 10,27737;
7213740562451; 0,24516626; 0,2745862; 10,208723;
7213750999462; 0,22555298; 0,24516626; 10,198917;
7213760551464; 0,21574631; 0,23535961; 10,179304;
7213771049511; 0,2745862; 0,24516626; 10,238143;
7213780632031; 0,31381282; 0,26477957; 10,247951;
7213790763867; 0,32361946; 0,2745862; 10,238143;
7213800651563; 0,30400616; 0,2549729; 10,208723;
7213811210645; 0,30400616; 0,24516626; 10,228337;
7213820701613; 0,33342612; 0,2549729; 10,247951;
7213830528272; 0,33342612; 0,41187933; 10,247951;
7213840629590; 0,33342612; 0,31381282; 10,238143;
7213851554882; 0,29419953; 0,32361946; 10,228337;
7213852745068; 0,32361946; 0,32361946; 10,228337;
7213861351024; 0,29419953; 0,31381282; 10,238143;
7213880790722; 0,32361946; 0,31381282; 10,247951;
7213891410840; 0,28439286; 0,30400616; 10,21853;
7213891929639; 0,29419953; 0,26477957; 10,228337;
7213910881055; 0,2745862; 0,29419953; 10,247951;
7213920951857; 0,049033254; 0,7551121; 10,27737;
7213930625929; 0,1765197; 0,7453055; 9,816457;
7213940757765; 0,2745862; 0,61781895; 10,620603;
7213951438916; 0,31381282; 0,4412993; 9,816457;
7213961021435; 0,34323275; 0,14709976; 10,434276;
7213970573436; 0,34323275; -0,117679805; 10,04201;
7213981498730; 0,33342612; -0,058839902; 10,267563;
7213990715039; 0,23535961; 0,10787316; 10,04201;
7214001029981; 0,29419953; 0,18632637; 10,27737;
7214010612500; 0,29419953; 0,24516626; 10,18911;
7214020622266; 0,30400616; 0,24516626; 10,267563;
7214031211866; 0,28439286; 0,2549729; 10,208723;
7214040611280; 0,28439286; 0,26477957; 10,21853;
7214060630810; 0,15690641; 0,5687857; 10,257756;
7214071037303; 0,10787316; 0,8727919; 10,267563;
7214080680859; 0,09806651; 1,0591183; 10,18911;
7214090629589; 0,15690641; 1,1571848; 10,208723;
7214110191358; 0,18632637; 1,0983448; 10,179304;
7214110801709; 0,20593967; 0,9904717; 10,238143;
7214120597852; 0,53936577; 0,5982057; 10,032203;
7214130607618; 0,813952; -0,2549729; 10,091043;
7214140647902; 0,94143844; -1,2552513; 10,18911;
7214150596632; 0,7256921; -1,1866047; 10,169497;
7214160758984; 0,6472389; -1,0296983; 10,27737;
7214170890820; 0,36284605; -0,8727919; 10,326404;
7214181175243; 0,23535961; -0,37265274; 10,375437;
7214190605175; 0,4412993; 0,1765197; 10,21853;
7214200645459; 0,813952; 0,5099458; 10,149884;
7214210594189; 1,4611909; 0,4609126; 10,18911;
7214220603955; 1,7357771; 0,22555298; 10,434276;
7214230735792; 1,0591183; -0,08825985; 11,650301;
7214240684523; 1,1277648; 0,47071922; 11,071709;
7214250572218; 1,1571848; 1,0002784; 10,04201;
7214260643018; 0,8433719; 0,7158855; 10,149884;
7214270744336; 0,22555298; -0,19613302; 10,502923;
7214280632031; -0,7060788; -1,0689249; 10,708862;
7214290580761; -1,4513842; -1,0885383; 10,247951;
7214300804150; -1,2552513; -0,32361946; 10,13027;
7214311241162; -0,7256921; 0,40207267; 10,42447;
7214320671094; -0,15690641; 0,7354988; 11,032481;
7214330650342; 0,10787316; 0,7551121; 11,826821;
7214341423048; 0,019613301; 0,5197525; 12,454447;
7214350669874; -0,4903325; -0,08825985; 12,85652;
7214360649122; -1,0198916; -0,96105176; 13,748924;
7214370658887; -1,372931; -1,1866047; 13,886217;
7214380851757; -1,3631245; -1,206218; 13,856798;
7214390953075; -0,96105176; -1,1964114; 13,493951;
7214401115429; -0,7060788; -0,9316318; 12,552513;
7214410728466; -0,7551121; -0,6080123; 11,473782;
7214421592724; -0,6864655; -0,41187933; 10,316596;
7214430625928; -0,63743234; 0,019613301; 9,7968445;
7214440818799; -0,34323275; 0,9022119; 9,002505;
7214451469435; 0,049033254; 1,1277648; 9,041732;
7214460929884; -0,1372931; 0,6962722; 10,10085;
7214470573438; -0,980665; 0,19613302; 11,209002;
7214481010449; -1,9319102; -0,5491724; 12,081794;
7214490592968; -2,3634028; -1,0983448; 12,542706;
7214500663768; -2,2359164; -1,3337045; 12,660385;
7214510856640; -2,275143; -1,402351; 12,35638;
7214520713818; -2,667409; -1,5592575; 11,836627;
7214530906689; -2,9125752; -1,8044238; 11,483587;
7214540580762; -3,1871614; -2,1280432; 10,689249;
7214550651563; -3,5794275; -2,0103633; 9,414385;
7214560935987; -3,8834338; -1,3337045; 8,894632;
7214570579543; -3,7363338; -0,42168596; 9,816457;
7214580833448; -3,1773546; 0,6864655; 10,738282;
7214591880811; -2,0692034; 1,1277648; 10,6500225;
7214600639355; -1,2846713; 1,431771; 9,590904;
7214610588085; -1,2258313; 2,0692034; 8,786758;
7214620841992; -1,490611; 2,6772156; 8,502366;
7214630577099; -1,6867439; 2,863542; 8,698499;
7214641136182; -1,6965506; 2,7556689; 9,100572;
7214651512159; -1,5396441; 2,745862; 9,384964;
7214661308302; -1,1669914; 2,9419951; 9,953751;
7214670616163; -0,95124507; 3,1087081; 10,875576;
7214680778516; -1,039505; 3,1577415; 11,463974;
7214691062939; -1,039505; 3,0204484; 11,513007;
7214700706494; -0,61781895; 3,030255; 11,630688;
7214710685741; -0,24516626; 3,3244545; 11,571848;
7214720634472; -0,29419953; 3,5009744; 11,110935;
7214730766308; -0,6766589; 3,2460015; 9,963557;
7214740623486; -0,8531786; 3,089095; 8,933859;
7214750724805; -0,6080123; 3,540201; 8,041453;
7214761405958; -0,28439286; 4,06976; 7,384408;
7214770652784; -0,26477957; 4,373766; 7,551121;
7214781089796; -0,78453207; 4,295313; 8,188553;
7214790580762; -1,5886773; 4,1972466; 8,884825;
7214800651563; -2,216303; 4,0795665; 9,002505;
7214810539257; -2,6968288; 3,8344004; 8,541593;
7214821037304; -3,559814; 3,4029076; 7,100015;
7214830619824; -4,314926; 3,0694816; 5,530951;
7214840690625; -4,412993; 3,1381283; 4,6287394;
7214850639356; -4,0795665; 3,5303943; 4,5012527;
7214870597852; -2,7360556; 5,1681046; 4,6581593;
7214880607618; -2,383016; 6,0507035; 5,2857847;
7214890647902; -2,5595357; 6,26645; 6,305676;
7214900657667; -3,030255; 5,952637; 6,9529157;
7214920799267; -3,0008352; 5,4819174; 6,8646555;
7214930656444; -4,4031863; 5,4623046; 5,8055367;
7214940635693; -4,540479; 5,579984; 4,599319;
7214951072705; -4,913132; 5,3250113; 3,6382675;
7214960716260; -4,9327455; 5,001392; 2,9616084;
7214970756544; -4,9425516; 4,2756996; 2,7948956;
7214980613722; -5,8839903; 4,609126; 4,550286;
7215000816358; -6,7862024; 6,5606494; 6,7273626;
7215010704053; -6,14877; 6,344903; 7,7864804;
7215020561230; -7,9826136; 5,668244; 6,472389;
7215030662548; -5,5897913; 6,9529157; 6,531229;
7215040672314; -4,148213; 7,168661; 7,2667284;
7215050560009; -3,795174; 6,6783295; 7,4726677;
7215060630810; -3,540201; 6,7862024; 7,296148;
7215070915235; -3,2165813; 7,0313683; 6,03109;
7215080925001; -3,255808; 6,9136887; 4,4424124;
7215090538038; -3,5696208; 6,6587157; 3,844207;
7215100822462; -3,8638203; 6,2174163; 4,4424124;
7215111717237; -3,9520802; 5,97225; 5,6976643;
7215120811475; -4,108987; 6,256643; 6,8156223;
7215130607617; -4,314926; 6,962722; 7,384408;
7215140586864; -4,6385455; 7,580541; 7,521701;
7215150688183; -4,687579; 7,668801; 7,276535;
7215160575879; -4,462026; 7,3353744; 6,9725285;
7215170585645; -4,373766; 6,874462; 6,854849;
7215180809034; -4,1678267; 6,962722; 5,9918633;
7215191123975; -4,33454; 7,3157616; 4,9621654;
7215200828566; -4,4424124; 7,7374473; 4,5797057;
7215210655226; -4,344346; 8,394493; 4,6287394;
7215221824659; -4,15802; 9,012312; 5,079845;
7215230613721; -4,1384068; 8,982892; 5,7466974;
7215240867627; -4,550286; 8,698499; 6,138963;
7215250602733; -4,295313; 8,816179; 5,903604;
7215260704052; -3,8834338; 8,727919; 4,569899;
7215270591748; -3,932467; 8,825986; 3,3146482;
7215280570996; -3,481361; 9,394772; 2,9616084;
7215291313184; -3,3146482; 9,492838; 3,1381283;
7215300682081; -3,2361946; 9,080958; 3,0106418;
7215310722365; -3,5107808; 9,090765; 3,2165813;
7215320762647; -3,9128537; 9,061345; 3,7265272;
7215330833447; -3,5009744; 9,120185; 4,314926;
7215340660107; -3,7363338; 9,022119; 4,9327455;
7215351280223; -3,1381283; 9,247671; 4,5012527;
7215360527050; -3,059675; 9,277091; 4,491446;
7215370750439; -3,3048413; 8,973085; 4,3639593;
7215380882275; -3,4323277; 8,855406; 4,393379;
7215390586866; -3,5205877; 8,620047; 3,9520802;
7215400688184; -4,01092; 8,365073; 3,5500076;
7215410667433; -2,8439288; 8,541593; 3,903047;
7215420646681; -3,1087081; 8,590626; 4,2266665;
7215430595411; -4,21686; 8,365073; 3,844207;
7215440757764; -3,6088476; 8,659272; 4,746419;
7215450645459; -3,5107808; 8,531786; 5,275978;
7215460746776; -3,589234; 8,502366; 5,678051;
7215470939648; -3,6088476; 8,620047; 5,7761173;
7215480583203; -3,4421344; 8,904439; 5,5897913;
7215490592969; -4,314926; 8,708306; 4,5797057;
7215500724805; -8,159133; 9,463418; -0,2745862;
7215510612501; -5,383851; 10,640216; 4,5110593;
7215520683302; -4,7856455; 10,679443; 3,2361946;
7215530845656; -5,207331; 8,502366; 1,4121577;
7215540977491; -4,3639593; 8,22778; 1,2454447;
7215550529493; -2,608569; 9,002505; 2,275143;
7215560600293; -1,3827378; 8,933859; 3,755947;
7215570854198; -0,52955914; 8,649466; 4,8640985;
7215580619824; 0,34323275; 8,688692; 5,7074704;
7215591850293; 0,9904717; 8,590626; 6,3252897;
7215600486768; 1,3827378; 8,1983595; 6,4331627;
7215610618604; 1,5298375; 7,4922814; 5,9820566;
7215621482862; 1,2552513; 7,7178345; 6,423356;
7215630546583; 0,8335653; 8,345459; 6,492003;
7215640617384; 0,52955914; 8,453333; 6,6783295;
7215650932324; 0,38245937; 8,217974; 6,9431086;
7215660545361; 0,52955914; 8,002227; 6,8646555;
7215670555126; 0,7060788; 8,012033; 6,766589;
7215680595409; 0,8531786; 8,296426; 7,2471147;
7215690849316; 0,58839905; 8,531786; 7,286341;
7215700614941; 0,15690641; 8,43372; 7,0215616;
7215710563672; -0,2745862; 8,217974; 6,354709;
7215720664991; -0,41187933; 8,521979; 5,893797;
7215730522169; -0,34323275; 8,855406; 6,0212836;
7215740592970; -0,6472389; 8,894632; 6,197803;
7215750511182; -1,0493116; 9,100572; 6,393936;
7215760581983; -1,4415776; 9,257479; 6,531229;
7215771812451; -1,8632636; 9,179025; 6,8156223;
7215780632030; -2,0495899; 9,100572; 7,188275;
7215790702831; -1,9809434; 9,061345; 7,4432483;
7215800682080; -1,794617; 9,031925; 7,2569213;
7215810661328; -1,5690641; 8,953472; 6,9431086;
7215820640577; -1,3925444; 8,894632; 6,5900693;
7215830619825; -1,2454447; 8,620047; 5,97225;
7215841331495; -1,1473781; 8,66908; 5,8251505;
7215850883498; -1,431771; 8,46314; 5,5505643;
7215860801710; -1,853457; 7,9826136; 5,246558;
7215870628369; -2,3437896; 7,84532; 4,883712;
7215880668652; -3,0204484; 7,6295743; 4,6483526;
7215890617382; -3,697107; 7,207888; 4,6385455;
7215900810253; -4,15802; 6,7960086; 4,746419;
7215910575879; -3,961887; 6,9725285; 4,599319;
7215920860303; -3,3048413; 7,4432483; 4,2756996;
7215930717481; -2,716442; 7,6099606; 4,344346;
7215941246046; -2,2555296; 7,6491876; 4,5797057;
7215950614943; -1,8926835; 7,7080274; 4,795452;
7215960594190; -1,598484; 7,7668676; 4,883712;
7215970695508; -1,3337045; 7,9826136; 5,0700383;
7215980644238; -1,1767981; 8,296426; 5,275978;
7215990684520; -1,1375715; 8,168941; 5,275978;
7216000755322; -0,95124507; 8,31604; 5,138685;
7216010917675; -0,8531786; 8,208166; 4,8542924;
7216022758496; -0,813952; 8,02184; 4,6679654;
7216030876172; -0,8924052; 7,7864804; 4,550286;
7216041648878; -0,8825986; 7,7178345; 4,314926;
7216060691847; -0,6570456; 7,9630003; 4,569899;
7216070884718; -0,4903325; 7,9924207; 4,9621654;
7216080802930; -0,3530394; 7,972807; 5,3250113;
7216090507519; -0,1765197; 8,02184; 5,432884;
7216100791942; -0,23535961; 8,149326; 5,6192107;
7216111686718; -0,5197525; 8,208166; 5,6486306;
7216120536816; -0,7747254; 8,2572; 5,4034643;
7216130455029; -0,9120185; 8,296426; 5,6192107;
7216140464795; -1,0689249; 8,188553; 6,011477;
7216150535597; -1,1964114; 8,1983595; 6,3645163;
7216160758986; -1,1866047; 8,4043; 6,648909;
7216170494093; -1,0002784; 8,66908; 6,7273626;
7216180625929; -0,7453055; 8,737725; 6,7273626;
7216190513623; -0,43149263; 8,806373; 6,648909;
7216200553906; -0,18632637; 8,973085; 6,599876;
7216210624706; -0,14709976; 9,159411; 6,5606494;
7216220542919; -0,20593967; 9,335931; 6,462583;
7216230552685; -0,4903325; 9,414385; 6,354709;
7216240592969; -0,7158855; 9,473225; 6,1585765;
7216250663770; -0,8433719; 9,551678; 5,8643775;
7216260551466; -0,8531786; 9,571291; 5,893797;
7216270530714; -0,62762564; 9,277091; 5,962444;
7216280509962; -0,42168596; 9,110378; 6,256643;
7216290519727; -0,1372931; 9,218252; 6,14877;
7216300560009; -0,039226603; 9,267285; 6,0507035;
7216310600292; -0,10787316; 9,169218; 5,923217;
7216320884716; -0,22555298; 9,051538; 6,0016704;
7216330619824; -0,37265274; 9,051538; 6,129156;
7216340568555; -0,61781895; 9,198638; 6,26645;
7216350761426; -0,8727919; 9,394772; 6,393936;
7216360618604; -1,206218; 9,375158; 6,286063;
7216370567335; -1,5494508; 8,992699; 6,3841295;
7216380607619; -1,6180973; 8,708306; 6,482196;
7216390556349; -1,3827378; 8,649466; 6,541036;
7216400596631; -1,010085; 8,708306; 6,0507035;
7216410545361; -0,86298525; 8,620047; 5,6290174;
7216420616161; -0,7747254; 8,580819; 5,3642383;
7216430534374; -0,62762564; 8,541593; 5,0994587;
7216440849316; -0,5589791; 8,502366; 5,030812;
7216450675977; -0,7060788; 8,22778; 4,8640985;
7216460594190; -0,7747254; 8,002227; 4,540479;
7216470573438; -0,52955914; 8,1983595; 4,383573;
7216480583204; -0,5982057; 8,119907; 3,8049803;
7216490592970; -0,8924052; 7,7080274; 3,2263882;
7216500755323; -1,0885383; 7,207888; 2,863542;
7216512718213; -1,4611909; 6,619489; 3,0106418;
7216520835888; -1,824037; 6,2762566; 3,3931012;
7216530754101; -2,10843; 5,9134107; 3,0989015;
7216540641796; -1,2258313; 4,6679654; 3,844207;
7216550621045; -0,39226604; 3,5107808; 3,7265272;
7216560600293; 0,18632637; 2,5595357; 3,5009744;
7216570884717; 0,36284605; 1,7750038; 2,8145087;
7216581596388; 0,37265274; 1,1473781; 1,8632636;
7216590538039; 0,2549729; 0,6962722; 0,9022119;
7216600639356; 0,22555298; 0,4609126; 0,43149263;
7216620597851; 0,18632637; 0,26477957; 0,019613301;
7216630638134; 0,16671306; 0,22555298; -0,029419951;
7216640769970; 0,18632637; 0,20593967; 0,0;
7216650535595; 0,16671306; 0,20593967; -0,058839902;
7216661094678; 0,21574631; 0,19613302; -0,10787316;
7216671806348; 0,19613302; 0,18632637; -0,08825985;
7216680778516; 0,1765197; 0,20593967; -0,06864655;
7216690788282; 0,20593967; 0,16671306; -0,06864655;
7216700950636; 0,20593967; 0,15690641; -0,058839902;
7216711235059; 0,20593967; 0,1765197; -0,08825985;
7216722099317; 0,16671306; 0,1372931; -0,1372931;
7216730949414; 0,19613302; 0,16671306; -0,117679805;
7216740592968; 0,18632637; 0,15690641; -0,14709976;
7216750572216; 0,1765197; 0,1372931; -0,117679805;
7216760978711; 0,1765197; 0,10787316; -0,058839902;
7216770835889; 0,16671306; 0,12748645; -0,078453206;
7216781089795; 0,12748645; 0,1372931; -0,09806651;
7216800560011; 0,14709976; 0,1372931; -0,049033254;
7216810539259; 0,1372931; 0,12748645; -0,009806651;
7216820854200; 0,14709976; 0,10787316; -0,019613301;
7216833824170; 0,15690641; 0,10787316; -0,039226603;
7216840721142; 0,12748645; 0,078453206; -0,039226603;
7216850639355; 0,09806651; 0,10787316; -0,078453206;
7216860618603; 0,08825985; 0,10787316; -0,078453206;
7216874107373; 0,078453206; 0,117679805; -0,058839902;
7216880973828; 0,058839902; 0,09806651; -0,06864655;
7216898002637; -9,973364; -5,1190715; -1,1473781;
7216900901808; -14,984563; -10,51273; -2,2555296;
7216910728468; -17,495064; -4,15802; 0,08825985;
7216920677198; -18,750317; 7,923774; 10,051817;
7216930900586; -19,377941; 13,96467; 15,033596;
7216940910351; -19,691755; 16,985119; 17,524485;
7216950645458; -19,848661; 18,495342; 18,769928;
7216960624706; -19,41717; 15,533735; 19,387749;
7216970664990; -13,425304; 10,21853; 16,975311;
7216980674756; -8,4043; 6,011477; 12,326961;
7216990654004; -5,0602317; 3,3832946; 8,904439;
7217000816358; -3,2165813; 2,0495899; 6,6391025;
7217010765089; -2,520309; 1,4219644; 5,128878;
7217020683302; -2,3437896; 1,1179582; 4,0501466;
7217030632032; -2,245723; 1,0689249; 3,2361946;
7217040733350; -2,0888166; 1,1767981; 2,5987625;
7217060691845; -1,6671306; 1,627904; 2,4222426;
7217070549023; -1,3042845; 2,4320493; 2,7948956;
7217080711377; -1,6180973; 3,3440678; 3,1577415;
7217090965283; -2,9125752; 4,01092; 4,609126;
7217100547803; -4,4424124; 4,4718328; 6,286063;
7217110923780; -5,6388245; 4,8640985; 8,13952;
7217120536818; -6,4135494; 5,0700383; 9,404578;
7217130546584; -6,903882; 4,991585; 10,07143;
7217140586866; -6,9529157; 4,873905; 10,15969;
7217150566114; -6,511616; 4,6581593; 9,6105175;
7217160667431; -5,903604; 4,3639593; 8,492559;
7217170524609; -5,2857847; 4,18744; 7,3157616;
7217180564892; -4,7268057; 4,207053; 6,5018096;
7217190666211; -4,491446; 4,373766; 6,3252897;
7217200584424; -4,746419; 4,432606; 6,7273626;
7217211387647; -5,246558; 4,491446; 7,3353744;
7217220573439; -5,6388245; 4,491446; 7,8355136;
7217231590285; -5,7466974; 4,4424124; 8,13952;
7217240654005; -5,668244; 4,3639593; 8,012033;
7217250541699; -5,383851; 4,3051195; 7,6589937;
7217260612500; -5,138685; 4,3051195; 7,2569213;
7217270530712; -5,0602317; 4,324733; 7,119628;
7217280540478; -5,1681046; 4,344346; 7,2667284;
7217290794384; -5,334818; 4,432606; 7,4922814;
7217300834668; -5,4819174; 4,4522195; 7,688414;
7217310539258; -5,4819174; 4,4227996; 7,8257074;
7217321159376; -5,334818; 4,354153; 7,6589937;
7217330558790; -5,226945; 4,3639593; 7,4236345;
7217340873732; -5,1779113; 4,33454; 7,2569213;
7217350547804; -5,207331; 4,344346; 7,296148;
7217360588086; -5,226945; 4,373766; 7,5020876;
7217370506299; -5,305398; 4,393379; 7,6589937;
7217389030467; -5,354431; 4,383573; 7,7080274;
7217390708935; -5,354431; 4,3639593; 7,639381;
7217402854931; -5,2857847; 4,383573; 7,4530544;
7217411033643; -5,217138; 4,383573; 7,354988;
7217420738233; -5,207331; 4,4031863; 7,3647947;
7217430717481; -5,226945; 4,432606; 7,462861;
7217440605177; -5,2857847; 4,393379; 7,5413146;
7217450553908; -5,354431; 4,432606; 7,590348;
7217460624708; -5,334818; 4,432606; 7,5020876;
7217470573438; -5,275978; 4,4031863; 7,433441;
7217480552685; -5,266171; 4,4031863; 7,394214;
7217490531933; -5,2367516; 4,383573; 7,433441;
7217501182568; -5,266171; 4,383573; 7,511894;
7217510612500; -5,315205; 4,4031863; 7,580541;
7217520591748; -5,334818; 4,393379; 7,580541;
7217530570997; -5,315205; 4,314926; 7,580541;
7217540702833; -5,246558; 4,354153; 7,4726677;
7217550926222; -5,2367516; 4,3639593; 7,462861;
7217560569776; -5,226945; 4,4031863; 7,4726677;
7217570640576; -5,246558; 4,373766; 7,5413146;
7217580558789; -5,2955914; 4,393379; 7,5609274;
7217590538036; -5,334818; 4,383573; 7,6001544;
7217600578320; -5,305398; 4,3639593; 7,570734;
7217610466015; -5,256365; 4,354153; 7,5020876;
7217620597852; -5,2367516; 4,3639593; 7,511894;
7217630546582; -5,256365; 4,393379; 7,4922814;
7217640708936; -5,266171; 4,3639593; 7,5020876;
7217650596632; -5,2857847; 4,354153; 7,511894;
7217660575880; -5,266171; 4,3639593; 7,551121;
7217670585645; -5,275978; 4,383573; 7,511894;
7217680625928; -5,2955914; 4,3639593; 7,521701;
7217690605175; -5,275978; 4,354153; 7,521701;
7217700828564; -5,275978; 4,324733; 7,521701;
7217710563671; -5,256365; 4,33454; 7,5609274;
7217720573437; -5,2955914; 4,344346; 7,5413146;
7217730583203; -5,275978; 4,354153; 7,4922814;
7217740623487; -5,256365; 4,3639593; 7,5413146;
7217750511183; -5,256365; 4,3639593; 7,511894;
7217760673536; -5,2857847; 4,373766; 7,5020876;
7217770530715; -5,275978; 4,354153; 7,4922814;
7217780632032; -5,2955914; 4,3639593; 7,4726677;
7217790519727; -5,275978; 4,383573; 7,5020876;
7217800773633; -5,275978; 4,3639593; 7,551121;
7217810508739; -5,266171; 4,393379; 7,511894;
7217820701611; -5,256365; 4,4031863; 7,521701;
7217830558789; -5,315205; 4,373766; 7,511894;
7217841087354; -5,2857847; 4,373766; 7,5020876;
7217851219190; -5,305398; 4,383573; 7,511894;
7217860710157; -5,275978; 4,354153; 7,5315075;
7217870536818; -5,266171; 4,3639593; 7,5413146;
7217880516065; -5,207331; 4,4031863; 7,590348;
7217890464795; -5,246558; 4,33454; 7,580541;
7217901054394; -5,207331; 4,354153; 7,5413146;
7217910484325; -5,305398; 4,4031863; 7,688414;
7217920585644; -5,442691; 4,412993; 7,4726677;
7217930625927; -5,2367516; 4,491446; 7,354988;
7217940605176; -5,197525; 4,393379; 7,4236345;
7217950614942; -5,226945; 4,373766; 7,511894;
7217960655225; -5,275978; 4,4031863; 7,5315075;
7217970573439; -5,374045; 4,412993; 7,570734;
7217980583205; -5,266171; 4,383573; 7,619767;
7217990531935; -5,246558; 4,324733; 7,511894;
7218000724805; -5,266171; 4,314926; 7,433441;
7218010551465; -5,2367516; 4,4031863; 7,4922814;
7218020683300; -5,2367516; 4,4424124; 7,4922814;
7218030509960; -5,275978; 4,4227996; 7,551121;
7218040672314; -5,334818; 4,373766; 7,590348;
7218050529492; -5,315205; 4,383573; 7,521701;
7218060600294; -5,2857847; 4,373766; 7,521701;
7218070854200; -5,256365; 4,383573; 7,433441;
7218080619826; -5,266171; 4,373766; 7,511894;
7218090568556; -5,275978; 4,4031863; 7,521701;
7218100730909; -5,256365; 4,4522195; 7,4922814;
7218110679639; -5,305398; 4,432606; 7,511894;
7218121665967; -5,305398; 4,4031863; 7,4726677;
7218121971142; -5,256365; 4,4031863; 7,4726677;
7218140647900; -5,275978; 4,33454; 7,276535;
7218150840771; -5,3250113; 4,344346; 7,305955;
7218161674512; -5,128878; 4,344346; 7,1980815;
7218162010205; -5,158298; 4,1384068; 6,903882;
7218180595411; -5,354431; 4,01092; 7,2471147;
7218190635695; -5,315205; 4,0207267; 7,7178345;
7218201225294; -5,226945; 3,9913068; 7,864934;
7218210624707; -5,197525; 4,1384068; 8,002227;
7218220756543; -5,217138; 4,4522195; 8,2768135;
7218230613721; -5,305398; 4,609126; 8,2768135;
7218240745557; -5,2367516; 4,775839; 7,9826136;
7218250633253; -5,1681046; 4,7366123; 7,639381;
7218260734571; -5,089652; 4,599319; 7,4236345;
7218270591750; -5,0994587; 4,4424124; 7,4432483;
7218280662550; -5,1190715; 4,3639593; 7,4824743;
7218293235791; -5,226945; 4,33454; 7,521701;
7218300804150; -5,2955914; 4,207053; 8,502366;
7218310569775; -5,4819174; 4,2855062; 8,512173;
7218321922315; -5,7565036; 4,4424124; 8,237586;
7218330619825; -5,7957306; 4,4031863; 8,02184;
7218340629591; -5,7761173; 4,314926; 7,5609274;
7218350914015; -5,7074704; 4,2855062; 6,982335;
7218360740675; -5,5505643; 4,383573; 6,854849;
7218371055615; -5,4819174; 4,344346; 6,854849;
7218380973828; -5,2857847; 4,21686; 6,4037433;
7218390617383; -5,0602317; 4,609126; 6,305676;
7218400810254; -4,903325; 4,922939; 6,3645163;
7218410636915; -5,5701776; 4,8052588; 6,5704556;
7218420677198; -5,736891; 4,795452; 6,4037433;
7218430595412; -5,5897913; 4,7856455; 6,766589;
7218440696729; -5,579984; 4,971972; 7,050982;
7218450920117; -5,472111; 5,0994587; 6,7960086;
7218460655224; -5,4132714; 5,148492; 6,256643;
7218477500927; -5,432884; 4,5306726; 8,590626;
7218490592970; -5,6388245; 3,706914; 9,198638;
7218500694288; -5,94283; 3,3734877; 9,188831;
7218510581984; -6,2174163; 3,7657537; 8,22778;
7218520683302; -6,14877; 4,06976; 6,619489;
7218530601514; -5,491724; 4,5306726; 5,089652;
7218540580761; -5,275978; 5,1681046; 6,187997;
7218550712598; -5,1681046; 5,785924; 6,6979423;
7218560600293; -5,1779113; 6,3350964; 6,874462;
7218570610059; -5,3936577; 6,06051; 7,178468;
7218580680861; -5,8055367; 5,452498; 7,325568;
7218590599074; -6,256643; 5,226945; 7,286341;
7218601005567; -6,550843; 5,315205; 7,050982;
7218610771192; -6,4135494; 5,334818; 6,992142;
7218620597851; -5,7466974; 5,4034643; 7,511894;
7218630546582; -5,001392; 5,9134107; 7,6982207;
7218640861524; -5,109265; 6,511616; 7,570734;
7218650901807; -6,2272234; 6,5606494; 7,158855;
7218660758986; -7,668801; 5,893797; 6,06051;
7218670707716; -8,365073; 5,423078; 5,383851;
7218680870069; -8,2768135; 5,530951; 5,217138;
7218690635694; -7,9826136; 6,26645; 5,7074704;
7218702323925; -7,286341; 6,992142; 5,9918633;
7218710563672; -6,4037433; 7,688414; 6,4429693;
7218721183789; -6,0997367; 8,423913; 6,4135494;
7218730552686; -6,5214224; 8,884825; 6,531229;
7218740684523; -6,707749; 8,884825; 6,776396;
7218750663771; -5,923217; 8,13952; 7,2569213;
7218760734571; -4,8444853; 7,6491876; 7,8257074;
7218770561231; -4,8542924; 7,84532; 7,913967;
7218780601513; -5,079845; 8,100293; 7,668801;
7218790824902; -4,8346786; 8,708306; 7,4530544;
7218800712598; -4,9523582; 9,296705; 7,100015;
7218810844434; -5,0994587; 9,698777; 7,011755;
7218820671095; -5,246558; 10,061624; 7,384408;
7218830863966; -5,8447638; 10,07143; 7,296148;
7218840965284; -6,129156; 10,149884; 7,296148;
7218850883496; -5,6878576; 10,591183; 7,521701;
7218860710156; -5,3936577; 10,51273; 7,4922814;
7218870597852; -4,599319; 10,434276; 7,6982207;
7218880638135; -3,92266; 10,149884; 7,972807;
7218890647901; -3,4225209; 9,698777; 8,335653;
7218900688185; -2,9223819; 9,414385; 8,825986;
7218910606398; -2,8145087; 9,630131; 9,022119;
7218920707716; -3,1087081; 9,698777; 8,855406;
7218930625928; -3,451941; 9,679164; 8,718113;
7218940635693; -3,2656145; 9,865491; 8,580819;
7218950675977; -2,726249; 10,306789; 8,5710125;
7218960594190; -2,245723; 10,247951; 8,678885;
7218970634473; -2,02017; 9,738004; 8,786758;
7218980644239; -2,02017; 9,188831; 8,737725;
7218990623488; -1,8338436; 8,875019; 8,708306;
7219001304640; -1,1571848; 8,904439; 8,924052;
7219010765088; -0,47071922; 8,924052; 9,2378645;
7219021141064; 0,15690641; 8,914246; 9,404578;
7219031517041; 0,2745862; 8,992699; 9,247671;
7219040641797; 0,08825985; 9,218252; 9,031925;
7219050560011; 0,30400616; 9,600711; 9,3163185;
7219061119093; 0,813952; 9,98317; 9,738004;
7219071250929; 1,4808042; 10,287176; 10,120463;
7219081596388; 1,6965506; 10,032203; 10,238143;
7219090629590; 1,7357771; 9,473225; 10,228337;
7219100975048; 1,853457; 8,884825; 10,228337;
7219110588086; 1,9319102; 8,610239; 10,149884;
7219120567334; 2,1182365; 8,639659; 10,051817;
7219130912794; 2,216303; 8,561206; 9,561484;
7219144554151; 1,9809434; 8,2572; 8,963279;
7219153343214; 1,2846713; 7,6589937; 8,237586;
7219160667433; 0,52955914; 6,874462; 7,511894;
7219171134961; 0,37265274; 6,168383; 7,0411754;
7219181083691; 0,82375866; 5,579984; 6,7862024;
7219190666211; 0,980665; 4,795452; 6,6292963;
7219200645459; 1,0493116; 4,8052588; 6,6292963;
7219212150587; 1,4219644; 4,1972466; 6,3645163;
7219220634474; 2,02017; 3,9913068; 6,246836;
7219230888380; 2,6576025; 4,1776333; 6,0212836;
7219244407667; 2,4516625; 3,648074; 5,3250113;
7219263175976; 1,7848104; 2,6968288; 4,7366123;
7219271537793; 1,039505; 1,3140912; 3,6676872;
7219280784620; 0,18632637; -0,14709976; 2,4614694;
7219290946973; -0,5982057; -1,372931; 1,6180973;
7219300712599; -0,63743234; -2,07901; 0,9120185;
7219310600295; 0,0; -2,2064965; 0,7060788;
7219321067823; 1,1669914; -1,9024901; 1,0002784;
7219330558789; 2,1476564; -1,5102242; 1,3337045;
7219342765820; 2,2261097; -1,1964114; 0,61781895;
7219351005566; 1,5788708; -0,86298525; 0,61781895;
7219360588086; 1,3533179; -0,7060788; 1,9907501;
7219370536817; 1,3435112; -0,6472389; 3,3146482;
7219385917677; 1,7848104; -1,402351; 4,5797057;
7219390586867; 2,1966896; -1,5886773; 2,971415;
7219400657667; 2,0692034; -2,0495899; 1,8828769;
7219410667432; 1,7750038; -2,3535962; 1,2356379;
7219420921338; 1,9122969; -2,9321887; 1,4808042;
7219431053174; 2,608569; -3,3342612; 2,2849495;
7219440666211; 3,8049803; -3,6873007; 4,8640985;
7219450614942; 5,226945; -4,314926; 8,31604;
7219460655226; 6,246836; -4,5895123; 9,630131;
7219470603957; 5,315205; -3,3342612; 13,229172;
7219480949415; 4,15802; -2,6183758; 13,78815;
7219490562451; 3,844207; -1,9319102; 13,091878;
7219503410351; 4,0599537; -1,1571848; 12,317153;
7219510643018; 4,462026; -0,41187933; 11,91508;
7219520622266; 5,079845; 0,28439286; 13,150719;
7219531608595; 5,668244; 0,94143844; 13,219365;
7219543846144; 6,6685224; 1,5004176; 12,552513;
7219550773634; 7,6491876; 1,9417169; 12,5329;
7219561119093; 8,561206; 1,7161639; 13,307626;
7219570640576; 9,277091; 1,4415776; 15,376828;
7219580619824; 9,492838; 0,9904717; 16,57324;
7219590568555; 8,551399; 1,3533179; 17,35777;
7219600791944; 7,178468; 0,95124507; 17,495064;
7219612266553; 5,9330235; 0,0; 17,004732;
7219620872511; 5,0111985; -0,94143844; 15,926001;
7219631156935; 4,5110593; -1,7063572; 14,504037;
7219640586866; 4,2560863; -2,1966896; 14,072543;
7219650657666; 4,6483526; -2,9321887; 14,219644;
7219660728466; 5,1779113; -3,3538744; 14,386357;
7219670646680; 5,5113378; -2,7850888; 13,827377;
7219680717481; 5,452498; -2,4516625; 12,974199;
7219690544141; 5,089652; -2,4222426; 12,071987;
7219700675978; 4,7562256; -2,3634028; 11,218808;
7219710594191; 4,344346; -2,2849495; 10,404857;
7219720756544; 3,706914; -2,4320493; 9,767424;
7219730644239; 3,2165813; -2,6281824; 9,943944;
7219740959179; 2,4222426; -2,6576025; 9,630131;
7219750633252; 1,3925444; -2,5595357; 9,218252;
7219760581983; 0,63743234; -2,1966896; 9,375158;
7219770469679; 0,6570456; -1,5396441; 9,581098;
7219780479445; 0,9904717; -0,7354988; 9,492838;
7219791099562; 1,5004176; -0,078453206; 9,483031;
7219803520216; 1,96133; 0,3530394; 9,179025;
7219810478223; 2,0495899; 0,5785924; 8,875019;
7219820518506; 1,7651972; 0,43149263; 8,414106;
7219830558789; 1,206218; 0,06864655; 8,306233;
7219840568555; 0,4412993; -0,41187933; 8,365073;
7219850486768; -0,117679805; -0,78453207; 7,6099606;
7219860618605; -0,21574631; -0,8335653; 6,8352356;
7219870506300; -0,2549729; -0,5099458; 6,354709;
7219880546583; -0,30400616; 0,029419951; 6,070317;
7219890495313; -0,15690641; 0,97085845; 6,11935;
7219900505078; 0,30400616; 2,0986233; 6,0016704;
7219910728467; 0,58839905; 3,0792882; 5,579984;
7219920555127; 0,45110595; 3,5794275; 5,4034643;
7219930564893; 0,1372931; 3,7461407; 5,2857847;
7219940788282; -0,29419953; 3,7363338; 5,128878;
7219950584425; -0,8531786; 3,648074; 4,9425516;
7219961235060; -1,3238978; 3,5696208; 4,6581593;
7219970573438; -1,6573241; 3,559814; 4,15802;
7219980522168; -1,4808042; 3,9815001; 3,540201;
7219990501416; -1,1473781; 4,373766; 3,2165813;
7220000633252; -0,76491874; 4,7856455; 3,2460015;
7220010581983; -0,4412993; 5,138685; 3,589234;
7220020652784; -0,2549729; 5,334818; 4,108987;
7220030540480; -0,12748645; 5,2955914; 4,7562256;
7220040611280; -0,12748645; 5,128878; 5,501531;
7220050560010; -0,43149263; 4,991585; 6,070317;
7220061088574; -0,96105176; 4,9621654; 6,6292963;
7220070549024; -1,1571848; 5,089652; 7,1490483;
7220080528272; -1,3925444; 5,217138; 7,913967;
7220090538038; -1,5494508; 5,128878; 9,002505;
7220100700392; -1,3533179; 4,9817786; 9,924331;
7220110557570; -1,2944778; 4,7268057; 10,51273;
7220120567335; -1,1767981; 4,6287394; 11,003062;
7220130577100; -1,0002784; 4,766032; 11,434554;
7220140495312; -0,79433864; 5,030812; 11,748367;
7220150444043; -0,8433719; 5,246558; 11,709141;
7220160575879; -1,0689249; 5,256365; 11,473782;
7220170524610; -1,206218; 5,246558; 11,522815;
7220180625929; -1,1277648; 5,374045; 11,777788;
7220190574660; -0,79433864; 5,5211444; 12,375994;
7220200645460; -0,4609126; 5,8055367; 13,180139;
7220210533155; -0,31381282; 5,903604; 13,317431;
7220220542920; -0,4412993; 5,8055367; 12,709418;
7220230461133; -0,6472389; 5,609404; 11,758174;
7220240592969; -0,6962722; 5,668244; 10,973642;
7220250541700; -0,66685224; 5,6976643; 10,757895;
7220260673536; -0,66685224; 5,6976643; 10,581375;
7220270500197; -0,48052588; 5,7466974; 10,581375;
7220280601515; -0,28439286; 5,6486306; 10,15969;
7220290763868; -0,1765197; 5,560371; 9,473225;
7220300743115; -0,36284605; 5,4034643; 8,629852;
7220310752881; -0,61781895; 5,266171; 7,923774;
7220320610059; -0,78453207; 5,109265; 7,5413146;
7220332023634; -0,6080123; 5,579984; 6,7960086;
7220360252394; -0,22555298; 5,727084; 6,256643;
7220371910108; 0,36284605; 5,8055367; 7,923774;
7220390586865; 0,16671306; 5,8251505; 8,580819;
7220400505079; 0,029419951; 5,7957306; 8,365073;
7220410453809; 0,039226603; 5,717277; 7,8257074;
7220422599806; 0,1372931; 5,668244; 7,4236345;
7220422904982; 0,18632637; 5,7761173; 7,2569213;
7220440696730; 0,08825985; 5,8839903; 7,168661;
7220450553907; 0,019613301; 5,8839903; 7,2667284;
7220460563672; 0,058839902; 5,8839903; 7,551121;
7220470634473; 0,09806651; 5,8741837; 7,5413146;
7220480766309; 0,09806651; 6,0997367; 7,168661;
7220490562452; 0,019613301; 6,06051; 6,6783295;
7220500602736; -0,1765197; 6,070317; 6,344903;
7220510490431; -0,36284605; 6,305676; 6,315483;
7220520591749; -0,7453055; 6,492003; 6,492003;
7220530479444; -1,0493116; 6,6881356; 6,737169;
7220540489209; -1,3435112; 6,7273626; 6,9431086;
7220550651563; -1,5200307; 6,7862024; 7,050982;
7220560508741; -1,4219644; 6,992142; 7,168661;
7220570549024; -1,4611909; 7,0902085; 7,511894;
7220580558790; -1,372931; 7,0902085; 7,93358;
7220590538039; -1,3337045; 7,011755; 8,325847;
7220600578321; -1,4415776; 6,9136887; 8,708306;
7220610557569; -1,4121577; 7,011755; 9,031925;
7220620597851; -1,3533179; 6,8352356; 9,414385;
7220630485547; -1,3238978; 6,4429693; 9,6105175;
7220640800489; -1,4513842; 6,11935; 9,620324;
7220650474561; -1,1866047; 6,168383; 9,492838;
7220660606398; -1,010085; 6,2174163; 9,051538;
7220670585646; -1,5102242; 5,9820566; 8,992699;
7220680595411; -1,3435112; 6,06051; 8,875019;
7220690513623; -1,2748647; 6,11935; 8,727919;
7220700523388; -1,1669914; 6,17819; 8,414106;
7220710746777; -0,7747254; 6,286063; 7,943387;
7220720603956; -0,8924052; 6,29587; 7,590348;
7220730522169; -1,2650579; 6,187997; 7,384408;
7220740592970; -1,2944778; 6,2272234; 7,1490483;
7220750572218; -1,0493116; 6,187997; 7,0902085;
7220760826124; -0,7747254; 6,14877; 7,394214;
7220770561231; -0,53936577; 5,962444; 7,8551273;
7220780570996; -0,43149263; 5,8545704; 8,267007;
7220790611279; -0,7354988; 5,736891; 8,28662;
7220800529493; -0,95124507; 5,962444; 8,041453;
7220810630811; -1,1473781; 6,2076097; 7,776674;
7220820640577; -1,206218; 6,354709; 7,6001544;
7220830589308; -1,1767981; 6,26645; 7,6786075;
7220840660108; -1,0689249; 6,29587; 7,8355136;
7220850578321; -1,0002784; 6,423356; 7,93358;
7220861015332; -1,0885383; 6,462583; 8,061067;
7220871421826; -0,8531786; 6,4135494; 8,31604;
7220887718213; -0,63743234; 6,14877; 8,561206;
7220900657667; -0,63743234; 6,08993; 8,580819;
7220910636916; -0,7354988; 6,129156; 8,620047;
7220920646681; -0,9120185; 6,286063; 8,46314;
7220930595411; -0,9904717; 6,4331627; 8,237586;
7220940513623; -1,2356379; 6,550843; 8,2768135;
7220950492871; -1,3238978; 6,3645163; 8,012033;
7220960563672; -1,431771; 6,138963; 7,394214;
7220970726026; -1,2944778; 6,1095433; 7,100015;
7220980766310; -1,1375715; 6,080123; 7,207888;
7220990623488; -1,0885383; 6,0507035; 7,570734;
7221000938429; -1,0296983; 6,138963; 7,943387;
7221014610303; -1,0983448; 6,286063; 8,2572;
7221022911084; -1,0983448; 6,168383; 8,698499;
7221030540479; -1,431771; 6,4527764; 7,864934;
7221041404737; -0,95124507; 5,246558; 8,306233;
7221051231397; -0,61781895; 4,9523582; 9,257479;
7221061424269; -0,5491724; 5,423078; 9,728197;
7221070976271; -0,62762564; 5,6878576; 9,247671;
7221080558790; -0,7551121; 5,8251505; 9,139798;
7221090873731; -0,813952; 5,97225; 8,933859;