7881594010693; -0,049033254; 0,1765197; 10,247951;
7881663926463; -0,058839902; 0,18632637; 10,238143;
7881680650097; -0,039226603; 0,18632637; 10,238143;
7881690781933; -0,078453206; 0,19613302; 10,257756;
7881700578075; -0,058839902; 0,1765197; 10,247951;
7881710862499; -0,049033254; 0,1765197; 10,238143;
7881720536570; -0,039226603; 0,20593967; 10,179304;
7881730546335; -0,049033254; 0,19613302; 10,21853;
7881740556101; -0,049033254; 0,1765197; 10,208723;
7881750596385; -0,019613301; 0,1765197; 10,21853;
7881760636668; -0,039226603; 0,1765197; 10,21853;
7881770585399; -0,06864655; 0,1765197; 10,21853;
7881780625683; -0,058839902; 0,19613302; 10,228337;
7881790635449; -0,058839902; 0,1765197; 10,198917;
7881800645215; -0,039226603; 0,19613302; 10,179304;
7881810685497; -0,019613301; 0,1765197; 10,169497;
7881820603710; -0,049033254; 0,16671306; 10,208723;
7881830766063; -0,019613301; 0,15690641; 10,21853;
7881840653757; -0,049033254; 0,14709976; 10,179304;
7881851182322; -0,039226603; 0,14709976; 10,208723;
7881860825877; -0,039226603; 0,18632637; 10,208723;
7881877061229; -0,06864655; 0,16671306; 10,179304;
7881880601269; -0,039226603; 0,1765197; 10,149884;
7881890549999; -0,029419951; 0,15690641; 10,15969;
7881900559765; -0,049033254; 0,16671306; 10,140077;
7881911149365; -0,049033254; 0,14709976; 10,15969;
7881923234325; -0,029419951; 0,14709976; 10,169497;
7881932481151; -0,029419951; 0,1372931; 10,169497;
7881940690379; -0,009806651; 0,117679805; 10,179304;
7881950578074; -0,039226603; 0,14709976; 10,21853;
7881960557322; -0,039226603; 0,15690641; 10,238143;
7881970719676; -0,029419951; 0,16671306; 10,228337;
7881980576854; -0,039226603; 0,1765197; 10,238143;
7881990647655; -0,009806651; 0,16671306; 10,238143;
7882000901562; -0,019613301; 0,15690641; 10,238143;
7882010819775; -0,029419951; 0,1765197; 10,247951;
7882020646435; -0,049033254; 0,15690641; 10,198917;
7882040086131; -0,029419951; 0,14709976; 10,208723;
7882040971141; -0,049033254; 0,15690641; 10,238143;
7882050736765; -0,039226603; 0,19613302; 10,238143;
7882060563426; -0,029419951; 0,21574631; 10,238143;
7882071122508; -0,029419951; 0,1765197; 10,247951;
7882080613475; -0,058839902; 0,18632637; 10,21853;
7882090653759; -0,039226603; 0,1765197; 10,257756;
7882101365429; -0,049033254; 0,16671306; 10,208723;
7882110795361; -0,039226603; 0,14709976; 10,198917;
7882120591504; -0,058839902; 0,18632637; 10,208723;
7882130540234; -0,06864655; 0,1765197; 10,198917;
7882140702587; -0,029419951; 0,15690641; 10,228337;
7882150651316; -0,019613301; 0,16671306; 10,238143;
7882160661081; -0,029419951; 0,15690641; 10,208723;
7882170670848; -0,039226603; 0,19613302; 10,238143;
7882180619578; -0,039226603; 0,18632637; 10,257756;
7882190568309; -0,029419951; 0,18632637; 10,228337;
7882200578075; 0,009806651; 0,1765197; 10,238143;
7882210557324; -0,019613301; 0,1765197; 10,179304;
7882220597607; -0,039226603; 0,16671306; 10,179304;
7882235001904; -0,039226603; 0,14709976; 10,179304;
7882240830761; -0,078453206; 0,16671306; 10,238143;
7882250718456; -0,078453206; 0,16671306; 10,208723;
7882260606151; -0,078453206; 0,18632637; 10,198917;
7882270615916; -0,049033254; 0,19613302; 10,21853;
7882280747752; -0,058839902; 0,19613302; 10,18911;
7882290757518; -0,039226603; 0,1765197; 10,208723;
7882300706249; -0,058839902; 0,18632637; 10,238143;
7882310563427; -0,058839902; 0,15690641; 10,198917;
7882320695263; -0,06864655; 0,14709976; 10,238143;
7882330643994; -0,049033254; 0,1765197; 10,228337;
7882340653759; -0,049033254; 0,20593967; 10,21853;
7882350694042; -0,009806651; 0,18632637; 10,238143;
7882360612254; -0,029419951; 0,18632637; 10,238143;
7882370713572; -0,039226603; 0,18632637; 10,257756;
7882380631785; -0,058839902; 0,1765197; 10,27737;
7882390763621; -0,058839902; 0,18632637; 10,247951;
7882400712352; -0,08825985; 0,19613302; 10,27737;
7882410630565; -0,078453206; 0,19613302; 10,257756;
7882420640331; -0,049033254; 0,1765197; 10,208723;
7882430650097; -0,049033254; 0,1765197; 10,238143;
7882431229931; -0,019613301; 0,1765197; 10,238143;
7882440842969; -0,019613301; 0,20593967; 10,27737;
7882450883251; -0,029419951; 0,20593967; 10,27737;
7882460740428; -0,029419951; 0,16671306; 10,257756;
7882470628123; 0,0; 0,20593967; 10,228337;
7882480698923; -0,019613301; 0,20593967; 10,228337;
7882491471629; -0,009806651; 0,18632637; 10,287176;
7882500596385; -0,039226603; 0,20593967; 10,27737;
7882510728221; -0,049033254; 0,19613302; 10,228337;
7882520615917; -0,049033254; 0,21574631; 10,169497;
7882530595165; -0,039226603; 0,1765197; 10,198917;
7882540604931; -0,058839902; 0,14709976; 10,208723;
7882550797803; -0,029419951; 0,19613302; 10,21853;
7882560654980; -0,049033254; 0,20593967; 10,15969;
7882570634227; -0,029419951; 0,1765197; 10,140077;
7882580643992; -0,029419951; 0,20593967; 10,198917;
7882590714793; -0,049033254; 0,22555298; 10,208723;
7882600724559; -0,039226603; 0,15690641; 10,247951;
7882610551219; -0,039226603; 0,1372931; 10,247951;
7882620530468; -0,039226603; 0,10787316; 10,198917;
7882630753857; -0,049033254; 0,1372931; 10,238143;
7882640611035; -0,049033254; 0,15690641; 10,228337;
7882650590283; -0,039226603; 0,16671306; 10,198917;
7882660600048; -0,039226603; 0,18632637; 10,228337;
7882670609813; -0,058839902; 0,19613302; 10,238143;
7882680589061; -0,049033254; 0,1765197; 10,21853;
7882690537790; -0,06864655; 0,19613302; 10,208723;
7882700578074; -0,039226603; 0,20593967; 10,21853;
7882710648875; -0,019613301; 0,18632637; 10,198917;
7882720933299; 0,0; 0,19613302; 10,238143;
7882731492382; -0,049033254; 0,16671306; 10,21853;
7882740586620; -0,049033254; 0,20593967; 10,198917;
7882750535351; -0,019613301; 0,21574631; 10,21853;
7882760545117; -0,019613301; 0,20593967; 10,257756;
7882770768505; -0,039226603; 0,19613302; 10,198917;
7882780961376; -0,039226603; 0,15690641; 10,198917;
7882790665965; -0,019613301; 0,16671306; 10,208723;
7882800675730; -0,009806651; 0,14709976; 10,238143;
7882810563426; -0,029419951; 0,19613302; 10,238143;
7882820695262; -0,039226603; 0,18632637; 10,247951;
7882832078319; -0,039226603; 0,19613302; 10,228337;
7882840867382; -0,058839902; 0,1765197; 10,257756;
7882850816113; -0,049033254; 0,15690641; 10,238143;
7882861527783; -0,029419951; 0,12748645; 10,208723;
7882870774610; -0,039226603; 0,117679805; 10,21853;
7882881638867; -0,029419951; 0,1372931; 10,21853;
7882890733104; -0,029419951; 0,15690641; 10,198917;
7882900620799; -0,029419951; 0,14709976; 10,247951;
7882911027293; -0,009806651; 0,15690641; 10,208723;
7882920823436; -0,019613301; 0,14709976; 10,208723;
7882930650096; -0,019613301; 0,14709976; 10,21853;
7882940659862; -0,029419951; 0,14709976; 10,247951;
7882950669628; -0,029419951; 0,18632637; 10,18911;
7882960618359; -0,039226603; 0,16671306; 10,257756;
7882970841748; -0,058839902; 0,14709976; 10,238143;
7882982591015; -0,029419951; 0,16671306; 10,208723;
7882990678172; -0,019613301; 0,16671306; 10,208723;
7883000779490; -0,029419951; 0,14709976; 10,247951;
7883010667185; -0,049033254; 0,16671306; 10,228337;
7883020737986; -0,058839902; 0,19613302; 10,287176;
7883030656199; -0,039226603; 0,18632637; 10,287176;
7883040604930; -0,029419951; 0,1372931; 10,228337;
7883051011425; -0,039226603; 0,1372931; 10,228337;
7883061570507; -0,019613301; 0,1372931; 10,228337;
7883070725781; -0,039226603; 0,12748645; 10,267563;
7883080949170; -0,049033254; 0,1372931; 10,247951;
7883090836865; -0,058839902; 0,1372931; 10,247951;
7883101029735; -0,058839902; 0,14709976; 10,247951;
7883110947947; -0,058839902; 0,1765197; 10,247951;
7883120622019; -0,029419951; 0,18632637; 10,238143;
7883130845408; -0,039226603; 0,19613302; 10,228337;
7883140611033; -0,029419951; 0,19613302; 10,228337;
7883150925975; -0,049033254; 0,18632637; 10,228337;
7883160630565; -0,039226603; 0,21574631; 10,21853;
7883170670849; -0,049033254; 0,19613302; 10,238143;
7883180619580; -0,058839902; 0,19613302; 10,208723;
7883190720899; -0,049033254; 0,19613302; 10,149884;
7883200974804; -0,029419951; 0,16671306; 10,179304;
7883210587841; -0,019613301; 0,16671306; 10,18911;
7883220658641; -0,019613301; 0,18632637; 10,21853;
7883231889109; -0,078453206; 0,20593967; 10,247951;
7883240556102; -0,06864655; 0,19613302; 10,238143;
7883250565868; -0,078453206; 0,16671306; 10,247951;
7883260636669; -0,049033254; 0,1372931; 10,287176;
7883280930859; -0,078453206; 0,1765197; 10,287176;
7883290665967; -0,078453206; 0,20593967; 10,257756;
7883300675732; -0,08825985; 0,1765197; 10,238143;
7883310532909; -0,078453206; 0,18632637; 10,247951;
7883320664744; -0,029419951; 0,19613302; 10,238143;
7883330857615; -0,019613301; 0,21574631; 10,238143;
7883340653758; -0,039226603; 0,19613302; 10,247951;
7883350938182; -0,039226603; 0,16671306; 10,287176;
7883370713573; -0,029419951; 0,1765197; 10,198917;
7883380631786; -0,029419951; 0,15690641; 10,169497;
7883390885693; -0,049033254; 0,18632637; 10,198917;
7883400742871; -0,058839902; 0,14709976; 10,247951;
7883430741649; -0,049033254; 0,1765197; 10,228337;
7883440720896; -0,058839902; 0,1765197; 10,21853;
7883450608592; -0,058839902; 0,15690641; 10,247951;
7883470628124; -0,049033254; 0,1765197; 10,27737;
7883480607372; -0,039226603; 0,16671306; 10,257756;
7883490739208; -0,019613301; 0,20593967; 10,238143;
7883500596387; -0,029419951; 0,21574631; 10,247951;
7883510575635; -0,029419951; 0,21574631; 10,21853;
7883520646435; -0,049033254; 0,19613302; 10,27737;
7883530564647; -0,029419951; 0,18632637; 10,267563;
7883540849071; -0,029419951; 0,19613302; 10,296984;
7883550584177; -0,029419951; 0,18632637; 10,296984;
7883560593943; -0,039226603; 0,1765197; 10,296984;
7883570664745; -0,019613301; 0,15690641; 10,296984;
7883580735546; -0,049033254; 0,15690641; 10,21853;
7883591019970; -0,049033254; 0,19613302; 10,21853;
7883600694043; -0,058839902; 0,1765197; 10,228337;
7883610764844; -0,058839902; 0,12748645; 10,247951;
7883620591503; -0,039226603; 0,14709976; 10,257756;
7883630723339; -0,039226603; 0,14709976; 10,267563;
7883640641551; -0,019613301; 0,1765197; 10,316596;
7883650895456; -0,019613301; 0,20593967; 10,306789;
7883660630564; -0,029419951; 0,19613302; 10,247951;
7883671738963; -0,029419951; 0,18632637; 10,21853;
7883680619579; -0,029419951; 0,21574631; 10,21853;
7883690629345; -0,029419951; 0,1765197; 10,257756;
7883700608593; -0,058839902; 0,16671306; 10,208723;
7883710587842; -0,058839902; 0,1765197; 10,238143;
7883720597608; -0,039226603; 0,16671306; 10,228337;
7883730576855; -0,058839902; 0,15690641; 10,21853;
7883740678173; -0,06864655; 0,1765197; 10,247951;
7883750718455; -0,058839902; 0,18632637; 10,208723;
7883760575632; -0,06864655; 0,18632637; 10,247951;
7883770676951; -0,049033254; 0,20593967; 10,287176;
7883780564647; -0,039226603; 0,1765197; 10,316596;
7883790635448; -0,049033254; 0,15690641; 10,27737;
7883800553661; -0,039226603; 0,12748645; 10,257756;
7883810654980; 0,009806651; 0,14709976; 10,238143;
7883820603711; -0,019613301; 0,15690641; 10,21853;
7883830643994; -0,039226603; 0,15690641; 10,247951;
7883840775830; -0,049033254; 0,15690641; 10,247951;
7883850846630; -0,058839902; 0,15690641; 10,257756;
7883860764842; -0,019613301; 0,1372931; 10,228337;
7883870591502; -0,009806651; 0,14709976; 10,247951;
7883880601268; -0,029419951; 0,14709976; 10,27737;
7883891953807; -0,058839902; 0,16671306; 10,27737;
7883895524363; -0,049033254; 0,15690641; 10,267563;
7883910722118; -0,029419951; 0,16671306; 10,238143;
7883920762402; -0,039226603; 0,1765197; 10,257756;
7883930589062; -0,058839902; 0,18632637; 10,257756;
7883940598827; -0,049033254; 0,19613302; 10,208723;
7883950547557; -0,058839902; 0,16671306; 10,208723;
7883960587840; -0,029419951; 0,18632637; 10,208723;
7883970658640; -0,029419951; 0,19613302; 10,238143;
7883980576853; -0,039226603; 0,16671306; 10,257756;
7883990617137; -0,019613301; 0,14709976; 10,238143;
7884000626903; -0,029419951; 0,14709976; 10,228337;
7884010575634; -0,009806651; 0,16671306; 10,247951;
7884021531445; -0,009806651; 0,18632637; 10,257756;
7884030656201; -0,019613301; 0,18632637; 10,247951;
7884040574414; -0,019613301; 0,15690641; 10,228337;
7884051713329; -0,039226603; 0,20593967; 10,228337;
7884060563427; -0,058839902; 0,19613302; 10,21853;
7884071122508; -0,049033254; 0,20593967; 10,208723;
7884080552439; -0,039226603; 0,18632637; 10,247951;
7884091233592; -0,049033254; 0,18632637; 10,247951;
7884102250438; -0,049033254; 0,16671306; 10,228337;
7884110642772; -0,049033254; 0,16671306; 10,306789;
7884120652538; -0,049033254; 0,18632637; 10,27737;
7884130723339; -0,039226603; 0,18632637; 10,238143;
7884141160351; -0,049033254; 0,1765197; 10,27737;
7884150590283; -0,019613301; 0,16671306; 10,21853;
7884160630566; -0,039226603; 0,20593967; 10,208723;
7884170853954; -0,08825985; 0,1765197; 10,247951;
7884180589061; -0,078453206; 0,15690641; 10,228337;
7884191026072; -0,058839902; 0,16671306; 10,267563;
7884201096873; -0,029419951; 0,20593967; 10,267563;
7884210557323; -0,049033254; 0,20593967; 10,228337;
7884220689159; -0,009806651; 0,21574631; 10,247951;
7884231767040; -0,009806651; 0,19613302; 10,257756;
7884240617138; -0,019613301; 0,19613302; 10,316596;
7884250901562; 0,0; 0,19613302; 10,267563;
7884260789257; -0,029419951; 0,14709976; 10,27737;
7884270646434; -0,019613301; 0,16671306; 10,247951;
7884280656199; -0,019613301; 0,1765197; 10,267563;
7884290665964; -0,049033254; 0,16671306; 10,267563;
7884300767283; -0,06864655; 0,18632637; 10,238143;
7884310777049; -0,06864655; 0,1765197; 10,238143;
7884320603710; -0,058839902; 0,1765197; 10,228337;
7884330582958; -0,078453206; 0,1765197; 10,198917;
7884340562206; -0,06864655; 0,15690641; 10,21853;
7884350571972; -0,058839902; 0,15690641; 10,228337;
7884360581738; -0,039226603; 0,16671306; 10,27737;
7884370805126; -0,029419951; 0,18632637; 10,228337;
7884380784374; -0,009806651; 0,21574631; 10,247951;
7884390794139; -0,029419951; 0,20593967; 10,238143;
7884400864939; -0,029419951; 0,20593967; 10,247951;
7884410691600; -0,039226603; 0,20593967; 10,228337;
7884420579295; -0,039226603; 0,20593967; 10,27737;
7884430711132; -0,009806651; 0,19613302; 10,267563;
7884440537792; -0,039226603; 0,19613302; 10,247951;
7884450700146; -0,06864655; 0,19613302; 10,257756;
7884460587842; -0,049033254; 0,1765197; 10,208723;
7884470567090; -0,039226603; 0,15690641; 10,21853;
7884480576855; -0,049033254; 0,19613302; 10,21853;
7884500596385; -0,029419951; 0,19613302; 10,228337;
7884510545115; -0,049033254; 0,18632637; 10,247951;
7884520524363; -0,029419951; 0,1765197; 10,228337;
7884530534129; -0,009806651; 0,1765197; 10,238143;
7884540574413; -0,019613301; 0,16671306; 10,238143;
7884550584179; -0,019613301; 0,18632637; 10,21853;
7884561204296; -0,039226603; 0,18632637; 10,238143;
7884571458203; -0,019613301; 0,1765197; 10,247951;
7884580827099; -0,049033254; 0,1765197; 10,27737;
7884592332225; -0,039226603; 0,1372931; 10,18911;
7884600816111; -0,019613301; 0,15690641; 10,238143;
7884610764841; -0,019613301; 0,1765197; 10,267563;
7884620591502; -0,058839902; 0,16671306; 10,257756;
7884630967479; -0,019613301; 0,16671306; 10,257756;
7884640763622; -0,029419951; 0,1765197; 10,238143;
7884651017528; -0,049033254; 0,19613302; 10,228337;
7884660539013; -0,049033254; 0,20593967; 10,267563;
7884670579297; -0,039226603; 0,19613302; 10,27737;
7884680772168; -0,049033254; 0,20593967; 10,267563;
7884690568310; -0,058839902; 0,18632637; 10,238143;
7884700547558; -0,029419951; 0,16671306; 10,238143;
7884710831981; -0,019613301; 0,15690641; 10,287176;
7884720841746; -0,039226603; 0,1765197; 10,247951;
7884730607371; -0,049033254; 0,1765197; 10,238143;
7884740617137; -0,049033254; 0,14709976; 10,247951;
7884750687938; -0,049033254; 0,1765197; 10,27737;
7884760606152; -0,029419951; 0,1765197; 10,257756;
7884770676953; -0,049033254; 0,18632637; 10,257756;
7884780534131; -0,058839902; 0,1765197; 10,21853;
7884790604932; -0,049033254; 0,20593967; 10,257756;
7884800584179; -0,058839902; 0,20593967; 10,238143;
7884810929638; -0,058839902; 0,16671306; 10,198917;
7884820939403; -0,049033254; 0,18632637; 10,238143;
7884830796580; -0,039226603; 0,18632637; 10,228337;
7884840562205; -0,019613301; 0,16671306; 10,257756;
7884850724559; -0,029419951; 0,18632637; 10,267563;
7884860581737; -0,039226603; 0,18632637; 10,27737;
7884870530468; -0,039226603; 0,18632637; 10,238143;
7884880540234; -0,039226603; 0,20593967; 10,208723;
7884890763623; -0,029419951; 0,23535961; 10,247951;
7884902329784; -0,039226603; 0,20593967; 10,267563;
7884910539012; -0,039226603; 0,20593967; 10,247951;
7884920518260; -0,058839902; 0,20593967; 10,247951;
7884930528025; -0,039226603; 0,20593967; 10,247951;
7884940629344; -0,029419951; 0,1765197; 10,296984;
7884950547557; -0,019613301; 0,20593967; 10,238143;
7884960557323; -0,019613301; 0,1765197; 10,27737;
7884970719677; -0,039226603; 0,1765197; 10,267563;
7884980546337; -0,049033254; 0,15690641; 10,228337;
7884990586621; -0,049033254; 0,15690641; 10,247951;
7885003159863; -0,049033254; 0,1765197; 10,247951;
7885010575634; -0,039226603; 0,1765197; 10,208723;
7885020554882; -0,029419951; 0,16671306; 10,267563;
7885030595164; -0,06864655; 0,15690641; 10,267563;
7885040543894; -0,049033254; 0,1765197; 10,267563;
7885050614695; -0,058839902; 0,14709976; 10,257756;
7885060532909; -0,058839902; 0,14709976; 10,21853;
7885070512157; -0,049033254; 0,18632637; 10,238143;
7885090714794; -0,039226603; 0,20593967; 10,198917;
7885090745312; -0,078453206; 0,20593967; 10,228337;
7885103165967; -0,06864655; 0,18632637; 10,267563;
7885110612256; -0,058839902; 0,20593967; 10,238143;
7885120805127; -0,058839902; 0,18632637; 10,238143;
7885130662304; -0,058839902; 0,18632637; 10,228337;
7885140549998; -0,049033254; 0,18632637; 10,247951;
7885150529246; -0,058839902; 0,20593967; 10,257756;
7885160508494; -0,06864655; 0,16671306; 10,27737;
7885170518260; -0,06864655; 0,22555298; 10,27737;
7885180589061; -0,049033254; 0,20593967; 10,257756;
7885190537792; -0,029419951; 0,21574631; 10,296984;
7885200761181; -0,009806651; 0,20593967; 10,267563;
7885210587842; -0,029419951; 0,18632637; 10,21853;
7885220536572; -0,019613301; 0,15690641; 10,247951;
7885230546337; -0,029419951; 0,18632637; 10,247951;
7885240525584; -0,039226603; 0,16671306; 10,257756;
7885250504832; -0,058839902; 0,1765197; 10,198917;
7885260575633; -0,06864655; 0,18632637; 10,18911;
7885270524364; -0,06864655; 0,16671306; 10,21853;
7885280564647; -0,009806651; 0,19613302; 10,257756;
7885290635448; 0,0; 0,15690641; 10,267563;
7885301377636; 0,0; 0,16671306; 10,287176;
7885310563428; -0,009806651; 0,1765197; 10,238143;
7885320603711; -0,019613301; 0,1765197; 10,208723;
7885330521923; -0,039226603; 0,16671306; 10,27737;
7885340562206; -0,019613301; 0,16671306; 10,267563;
7885351243358; -0,049033254; 0,16671306; 10,247951;
7885360551218; -0,039226603; 0,16671306; 10,257756;
7885370530467; -0,049033254; 0,22555298; 10,228337;
7885380570750; -0,049033254; 0,22555298; 10,296984;
7885390580516; -0,049033254; 0,23535961; 10,296984;
7885401536327; -0,049033254; 0,21574631; 10,316596;
7885410539013; -0,049033254; 0,18632637; 10,257756;
7885420609814; -0,039226603; 0,19613302; 10,21853;
7885430711133; -0,029419951; 0,1765197; 10,257756;
7885441392285; -0,019613301; 0,14709976; 10,21853;
7885451005321; 0,0; 0,12748645; 10,228337;
7885462296825; -0,009806651; 0,16671306; 10,208723;
7885470567088; -0,019613301; 0,19613302; 10,238143;
7885480668406; -0,029419951; 0,19613302; 10,247951;
7885490617137; -0,039226603; 0,19613302; 10,27737;
7885501267772; -0,009806651; 0,18632637; 10,27737;
7885510880810; -0,039226603; 0,16671306; 10,257756;
7885520707470; -0,058839902; 0,16671306; 10,238143;
7885540849072; -0,06864655; 0,15690641; 10,198917;
7885560746531; -0,039226603; 0,12748645; 10,18911;
7885570725779; -0,039226603; 0,18632637; 10,228337;
7885580613475; -0,029419951; 0,19613302; 10,238143;
7885591050487; -0,06864655; 0,14709976; 10,198917;
7885602403026; -0,049033254; 0,16671306; 10,247951;
7885620622021; -0,049033254; 0,19613302; 10,267563;
7885630662305; -0,049033254; 0,1765197; 10,267563;
7885640733106; -0,049033254; 0,18632637; 10,287176;
7885650681836; -0,009806651; 0,1765197; 10,326404;
7885660600048; -0,039226603; 0,16671306; 10,287176;
7885670640330; -0,019613301; 0,18632637; 10,257756;
7885680650095; -0,078453206; 0,18632637; 10,267563;
7885691148143; -0,029419951; 0,18632637; 10,238143;
7885702561717; -0,049033254; 0,15690641; 10,21853;
7885720628124; -0,029419951; 0,14709976; 10,21853;
7885730668408; -0,049033254; 0,19613302; 10,198917;
7885740647656; -0,039226603; 0,1765197; 10,267563;
7885750901563; -0,049033254; 0,1765197; 10,336209;
7885760850293; -0,049033254; 0,19613302; 10,27737;
7885771775585; -0,049033254; 0,20593967; 10,257756;
7885780717235; -0,029419951; 0,19613302; 10,267563;
7885791123728; -0,029419951; 0,19613302; 10,228337;
7885800614696; -0,019613301; 0,15690641; 10,228337;
7885810868602; -0,049033254; 0,16671306; 10,18911;
7885820756298; -0,009806651; 0,15690641; 10,228337;
7885830827099; -0,019613301; 0,15690641; 10,247951;
7885840775830; -0,019613301; 0,1765197; 10,21853;
7885850571973; -0,009806651; 0,16671306; 10,247951;
7885861070019; -0,019613301; 0,1765197; 10,296984;
7885870774608; -0,039226603; 0,1765197; 10,257756;
7885880753856; -0,049033254; 0,16671306; 10,228337;
7885890580515; -0,029419951; 0,16671306; 10,238143;
7885900590281; -0,029419951; 0,16671306; 10,228337;
7885910630565; -0,039226603; 0,1765197; 10,228337;
7885920945507; -0,039226603; 0,18632637; 10,228337;
7885931229931; -0,029419951; 0,15690641; 10,247951;
7885940598828; -0,029419951; 0,14709976; 10,27737;
7885950761181; -0,058839902; 0,19613302; 10,238143;
7885960648877; -0,029419951; 0,1765197; 10,21853;
7885970658642; -0,039226603; 0,15690641; 10,267563;
7885980729442; -0,019613301; 0,16671306; 10,287176;
7885990617137; -0,039226603; 0,18632637; 10,296984;
7886000657420; -0,039226603; 0,18632637; 10,306789;
7886010636668; -0,029419951; 0,19613302; 10,287176;
7886020676952; -0,039226603; 0,1765197; 10,306789;
7886030808788; -0,039226603; 0,16671306; 10,27737;
7886040604931; -0,049033254; 0,1765197; 10,238143;
7886050553662; -0,039226603; 0,1372931; 10,21853;
7886060654980; -0,049033254; 0,117679805; 10,208723;
7886070573194; -0,049033254; 0,14709976; 10,267563;
7886080796582; -0,029419951; 0,1372931; 10,238143;
7886090928417; -0,039226603; 0,18632637; 10,228337;
7886100663524; -0,019613301; 0,19613302; 10,267563;
7886110551219; -0,049033254; 0,19613302; 10,27737;
7886120622020; -0,058839902; 0,16671306; 10,257756;
7886130601268; -0,06864655; 0,16671306; 10,267563;
7886140549999; -0,039226603; 0,14709976; 10,267563;
7886150559765; -0,06864655; 0,15690641; 10,27737;
7886160630566; -0,06864655; 0,18632637; 10,257756;
7886170548779; -0,019613301; 0,1765197; 10,27737;
7886180558544; -0,029419951; 0,16671306; 10,27737;
7886190537792; -0,039226603; 0,19613302; 10,257756;
7886200547557; -0,058839902; 0,18632637; 10,267563;
7886210587839; -0,058839902; 0,21574631; 10,238143;
7886220536570; -0,029419951; 0,1765197; 10,27737;
7886230546336; -0,019613301; 0,1765197; 10,247951;
7886240647655; -0,039226603; 0,19613302; 10,247951;
7886250657421; -0,049033254; 0,15690641; 10,267563;
7886260636669; -0,029419951; 0,15690641; 10,257756;
7886270615918; -0,058839902; 0,1372931; 10,267563;
7886284501416; -0,058839902; 0,18632637; 10,27737;
7886290604931; -0,039226603; 0,16671306; 10,27737;
7886305985790; -0,029419951; 0,16671306; 10,296984;
7886314011912; -0,009806651; 0,18632637; 10,257756;
7886320756298; -0,039226603; 0,20593967; 10,287176;
7886348100048; -0,049033254; 0,20593967; 10,267563;
7886348283153; -0,039226603; 0,20593967; 10,27737;
7886350541455; -0,049033254; 0,22555298; 10,287176;
7886365830762; -0,06864655; 0,24516626; 10,228337;
7886375657421; -0,029419951; 0,21574631; 10,208723;
7886380601269; -0,029419951; 0,18632637; 10,267563;
7886390733104; -0,029419951; 0,1765197; 10,296984;
7886400620800; -0,019613301; 0,18632637; 10,296984;
7886410661083; -0,039226603; 0,20593967; 10,287176;
7886420609814; -0,049033254; 0,20593967; 10,306789;
7886430772168; -0,039226603; 0,18632637; 10,247951;
7886440598828; -0,06864655; 0,18632637; 10,267563;
7886450608593; -0,029419951; 0,20593967; 10,257756;
7886460618358; -0,009806651; 0,1765197; 10,27737;
7886470597606; -0,039226603; 0,15690641; 10,27737;
7886480851512; -0,058839902; 0,18632637; 10,247951;
7886490586620; -0,049033254; 0,1765197; 10,247951;
7886500596386; -0,058839902; 0,16671306; 10,247951;
7886510606152; -0,058839902; 0,1765197; 10,247951;
7886520554883; -0,058839902; 0,1765197; 10,257756;
7886530534131; -0,049033254; 0,1765197; 10,257756;
7886540665966; -0,029419951; 0,16671306; 10,257756;
7886550553661; -0,009806651; 0,18632637; 10,21853;
7886570603710; -0,019613301; 0,18632637; 10,257756;
7886580521923; -0,029419951; 0,18632637; 10,247951;
7886590623242; 0,009806651; 0,1765197; 10,247951;
7886600541455; 0,0; 0,18632637; 10,267563;
7886610551220; 0,0; 0,16671306; 10,247951;
7886620560985; -0,029419951; 0,15690641; 10,267563;
7886630570750; -0,029419951; 0,1765197; 10,257756;
7886640611034; -0,019613301; 0,18632637; 10,247951;
7886651109081; -0,029419951; 0,18632637; 10,267563;
7886662247997; -0,049033254; 0,20593967; 10,257756;
7886680772168; -0,058839902; 0,19613302; 10,247951;
7886690781933; -0,039226603; 0,19613302; 10,27737;
7886700578075; -0,029419951; 0,19613302; 10,287176;
7886710770946; -0,019613301; 0,1765197; 10,27737;
7886720597606; -0,019613301; 0,16671306; 10,267563;
7886731309276; -0,019613301; 0,15690641; 10,27737;
7886740769726; -0,009806651; 0,1372931; 10,257756;
7886751267773; 0,0; 0,14709976; 10,247951;
7886761002881; -0,029419951; 0,16671306; 10,257756;
7886770554882; -0,06864655; 0,15690641; 10,27737;
7886781663280; -0,06864655; 0,16671306; 10,287176;
7886791093211; -0,029419951; 0,1765197; 10,296984;
7886801072460; -0,039226603; 0,1765197; 10,27737;
7886810716015; -0,029419951; 0,16671306; 10,267563;
7886820573193; -0,019613301; 0,1765197; 10,27737;
7886830582959; -0,049033254; 0,18632637; 10,287176;
7886850541455; -0,029419951; 0,19613302; 10,296984;
7886860612255; -0,049033254; 0,1765197; 10,267563;
7886870560985; -0,019613301; 0,18632637; 10,306789;
7886880662303; -0,058839902; 0,18632637; 10,27737;
7886890580517; -0,06864655; 0,20593967; 10,247951;
7886901627880; -0,06864655; 0,16671306; 10,306789;
7886912217480; -0,049033254; 0,15690641; 10,296984;
7886920579297; -0,039226603; 0,1765197; 10,267563;
7886931168896; -0,029419951; 0,18632637; 10,267563;
7886941209179; -0,039226603; 0,16671306; 10,247951;
7886951066356; -0,039226603; 0,1372931; 10,306789;
7886960648876; -0,049033254; 0,16671306; 10,287176;
7886970719677; -0,058839902; 0,1765197; 10,27737;
7886980576855; -0,06864655; 0,15690641; 10,257756;
7886990586621; -0,058839902; 0,16671306; 10,267563;
7887000626905; -0,049033254; 0,18632637; 10,267563;
7887010606152; -0,039226603; 0,16671306; 10,247951;
7887020615917; -0,009806651; 0,18632637; 10,247951;
7887030595164; -0,039226603; 0,21574631; 10,27737;
7887040635448; -0,06864655; 0,1765197; 10,257756;
7887050584179; -0,049033254; 0,1765197; 10,228337;
7887060593945; -0,049033254; 0,1765197; 10,267563;
7887070603711; -0,058839902; 0,1765197; 10,257756;
7887080613477; -0,058839902; 0,16671306; 10,247951;
7887090623242; -0,029419951; 0,15690641; 10,257756;
7887100663524; -0,039226603; 0,14709976; 10,27737;
7887110612254; -0,049033254; 0,1372931; 10,287176;
7887120774608; -0,009806651; 0,16671306; 10,306789;
7887130753857; -0,019613301; 0,1765197; 10,257756;
7887140672070; -0,019613301; 0,1372931; 10,267563;
7887150590283; -0,019613301; 0,20593967; 10,287176;
7887160752637; -0,009806651; 0,21574631; 10,27737;
7887170579297; 0,0; 0,19613302; 10,326404;
7887180680614; -0,009806651; 0,14709976; 10,316596;
7887190629344; 0,0; 0,14709976; 10,296984;
7887200669628; -0,019613301; 0,1765197; 10,27737;
7887210648876; -0,029419951; 0,21574631; 10,267563;
7887230607373; -0,009806651; 0,1372931; 10,267563;
7887240617139; -0,009806651; 0,14709976; 10,267563;
7887250657422; -0,039226603; 0,14709976; 10,267563;
7887261033397; 0,0; 0,1372931; 10,296984;
7887270951610; -0,039226603; 0,12748645; 10,316596;
7887281083446; -0,019613301; 0,15690641; 10,296984;
7887291856151; -0,019613301; 0,18632637; 10,27737;
7887300675732; -0,029419951; 0,15690641; 10,287176;
7887310593945; -0,029419951; 0,16671306; 10,267563;
7887320908887; -0,009806651; 0,1372931; 10,326404;
7887330735547; -0,009806651; 0,14709976; 10,316596;
7887340836864; 0,0; 0,14709976; 10,346017;
7887350663524; -0,019613301; 0,1765197; 10,336209;
7887360642772; -0,049033254; 0,19613302; 10,267563;
7887370652538; 0,0; 0,1765197; 10,267563;
7887380570752; -0,029419951; 0,20593967; 10,257756;
7887392075879; -0,039226603; 0,18632637; 10,287176;
7887400559766; -0,019613301; 0,1372931; 10,267563;
7887410600049; -0,009806651; 0,1372931; 10,296984;
7887420609814; -0,049033254; 0,14709976; 10,287176;
7887430680614; -0,039226603; 0,16671306; 10,287176;
7887440659862; -0,019613301; 0,1765197; 10,238143;
7887450669628; -0,039226603; 0,18632637; 10,267563;
7887460740429; -0,039226603; 0,16671306; 10,247951;
7887470628125; -0,029419951; 0,18632637; 10,257756;
7887480546338; -0,019613301; 0,23535961; 10,247951;
7887491746289; -0,009806651; 0,19613302; 10,27737;
7887500626903; -0,009806651; 0,18632637; 10,257756;
7887510636668; -0,029419951; 0,20593967; 10,27737;
7887520768505; -0,039226603; 0,1765197; 10,27737;
7887530717236; -0,039226603; 0,18632637; 10,296984;
7887540604931; -0,019613301; 0,19613302; 10,306789;
7887550950391; -0,019613301; 0,1765197; 10,316596;
7887560685498; -0,019613301; 0,20593967; 10,267563;
7887570786816; -0,039226603; 0,15690641; 10,228337;
7887580643993; -0,08825985; 0,15690641; 10,228337;
7887590684276; -0,078453206; 0,20593967; 10,257756;
7887600785595; -0,058839902; 0,20593967; 10,316596;
7887620622021; -0,058839902; 0,21574631; 10,316596;
7887630723340; -0,06864655; 0,16671306; 10,296984;
7887640916211; -0,049033254; 0,14709976; 10,267563;
7887650590283; -0,058839902; 0,15690641; 10,257756;
7887660600048; -0,078453206; 0,1765197; 10,257756;
7887670640330; -0,049033254; 0,18632637; 10,27737;
7887680741649; -0,06864655; 0,18632637; 10,27737;
7887691544872; -0,06864655; 0,1765197; 10,27737;
7887700578076; -0,029419951; 0,19613302; 10,257756;
7887710587842; -0,019613301; 0,15690641; 10,247951;
7887720567090; -0,049033254; 0,117679805; 10,228337;
7887730759961; -0,078453206; 0,1372931; 10,257756;
7887740678173; -0,049033254; 0,12748645; 10,198917;
7887750626903; -0,049033254; 0,15690641; 10,198917;
7887760606151; -0,049033254; 0,1765197; 10,238143;
7887770676952; -0,039226603; 0,1765197; 10,238143;
7887780625683; -0,039226603; 0,19613302; 10,257756;
7887791917187; -0,049033254; 0,1765197; 10,267563;
7887800645215; -0,049033254; 0,15690641; 10,257756;
7887810716015; -0,029419951; 0,18632637; 10,257756;
7887820603710; -0,009806651; 0,16671306; 10,267563;
7887830643993; -0,049033254; 0,16671306; 10,27737;
7887840684276; -0,039226603; 0,19613302; 10,306789;
7887851060253; -0,029419951; 0,1765197; 10,267563;
7887861222607; -0,019613301; 0,19613302; 10,27737;
7887870622021; -0,049033254; 0,16671306; 10,287176;
7887880662305; -0,039226603; 0,16671306; 10,247951;
7887892533642; -0,049033254; 0,19613302; 10,296984;
7887900712353; -0,058839902; 0,18632637; 10,247951;
7887910722118; -0,058839902; 0,16671306; 10,27737;
7887920670848; -0,078453206; 0,1765197; 10,267563;
7887935105663; -0,06864655; 0,19613302; 10,296984;
7887940873486; -0,029419951; 0,1765197; 10,287176;
7887950608594; -0,019613301; 0,18632637; 10,27737;
7887960770948; -0,039226603; 0,19613302; 10,296984;
7887970841748; -0,049033254; 0,18632637; 10,267563;
7887980576855; -0,039226603; 0,16671306; 10,267563;
7887991929393; -0,039226603; 0,14709976; 10,267563;
7888000657421; -0,049033254; 0,14709976; 10,267563;
7888010667187; -0,049033254; 0,20593967; 10,287176;
7888020646435; -0,058839902; 0,18632637; 10,257756;
7888030717236; -0,039226603; 0,18632637; 10,257756;
7888040788037; -0,06864655; 0,19613302; 10,267563;
7888050736767; -0,049033254; 0,22555298; 10,267563;
7888060624462; -0,049033254; 0,22555298; 10,287176;
7888070634227; -0,019613301; 0,23535961; 10,316596;
7888080613475; -0,029419951; 0,19613302; 10,287176;
7888090592724; -0,039226603; 0,22555298; 10,238143;
7888100755078; -0,058839902; 0,21574631; 10,247951;
7888110612256; -0,039226603; 0,16671306; 10,257756;
7888120591504; -0,039226603; 0,1765197; 10,247951;
7888130845410; -0,029419951; 0,18632637; 10,267563;
7888140946728; -0,029419951; 0,1765197; 10,306789;
7888150651317; -0,029419951; 0,15690641; 10,316596;
7888160752636; -0,049033254; 0,16671306; 10,287176;
7888171159130; 0,0; 0,18632637; 10,267563;
7888180833203; -0,019613301; 0,14709976; 10,247951;
7888190659863; -0,019613301; 0,16671306; 10,198917;
7888200639112; -0,039226603; 0,1765197; 10,198917;
7888210587842; -0,039226603; 0,14709976; 10,169497;
7888220658642; -0,029419951; 0,16671306; 10,27737;
7888230698924; -0,019613301; 0,18632637; 10,247951;
7888240647655; -0,029419951; 0,1765197; 10,296984;
7888250596386; -0,009806651; 0,1765197; 10,316596;
7888260575634; -0,009806651; 0,18632637; 10,21853;
7888270615918; -0,039226603; 0,1765197; 10,208723;
7888287125928; -0,049033254; 0,16671306; 10,306789;
7888290818554; -0,019613301; 0,18632637; 10,326404;
7888300614696; -0,039226603; 0,16671306; 10,296984;
7888310593944; -0,049033254; 0,15690641; 10,27737;
7888320634227; -0,078453206; 0,20593967; 10,306789;
7888330613476; -0,058839902; 0,19613302; 10,316596;
7888340806347; -0,078453206; 0,16671306; 10,306789;
7888350724561; -0,039226603; 0,19613302; 10,296984;
7888360642774; -0,029419951; 0,18632637; 10,287176;
7888370774609; 0,0; 0,1765197; 10,296984;
7888380631786; -0,029419951; 0,16671306; 10,316596;
7888390794139; -0,049033254; 0,1765197; 10,287176;
7888400712352; -0,058839902; 0,15690641; 10,257756;
7888410600048; -0,06864655; 0,19613302; 10,257756;
7888420670849; -0,019613301; 0,20593967; 10,238143;
7888430741650; -0,049033254; 0,19613302; 10,257756;
7888440720899; -0,039226603; 0,18632637; 10,287176;
7888450608594; -0,029419951; 0,22555298; 10,27737;
7888460648876; -0,029419951; 0,24516626; 10,27737;
7888470750194; -0,039226603; 0,21574631; 10,306789;
7888480759960; -0,049033254; 0,14709976; 10,287176;
7888490952831; -0,029419951; 0,1765197; 10,247951;
7888500657422; -0,039226603; 0,1765197; 10,228337;
7888510880811; -0,029419951; 0,1765197; 10,27737;
7888521348340; -0,019613301; 0,16671306; 10,267563;
7888530625683; -0,049033254; 0,16671306; 10,27737;
7888540635448; -0,009806651; 0,20593967; 10,306789;
7888550645213; -0,009806651; 0,18632637; 10,316596;
7888560960155; -0,039226603; 0,15690641; 10,267563;
7888570695263; -0,039226603; 0,1765197; 10,247951;
7888580674511; -0,019613301; 0,19613302; 10,27737;
7888590714795; -0,009806651; 0,16671306; 10,27737;
7888600602491; -0,009806651; 0,19613302; 10,296984;
7888610551220; -0,058839902; 0,15690641; 10,326404;
7888620622021; -0,058839902; 0,19613302; 10,287176;
7888630692821; -0,058839902; 0,16671306; 10,306789;
7888640702587; -0,039226603; 0,16671306; 10,306789;
7888650773388; -0,049033254; 0,16671306; 10,238143;
7888670579297; -0,039226603; 0,1765197; 10,257756;
7888680558545; -0,029419951; 0,18632637; 10,257756;
7888690629345; -0,029419951; 0,18632637; 10,247951;
7888700761181; -0,049033254; 0,23535961; 10,27737;
7888710618358; -0,029419951; 0,19613302; 10,287176;
7888720658641; -0,009806651; 0,18632637; 10,287176;
7888730851513; -0,029419951; 0,19613302; 10,21853;
7888740647656; -0,019613301; 0,1765197; 10,287176;
7888750687939; -0,049033254; 0,14709976; 10,296984;
7888760606153; -0,058839902; 0,20593967; 10,296984;
7888770799023; -0,058839902; 0,19613302; 10,316596;
7888780656200; -0,058839902; 0,1765197; 10,306789;
7888790604930; -0,029419951; 0,18632637; 10,316596;
7888800614696; 0,0; 0,19613302; 10,296984;
7888810593945; -0,009806651; 0,16671306; 10,326404;
7888820695263; -0,019613301; 0,1765197; 10,316596;
7888830643994; -0,049033254; 0,18632637; 10,316596;
7888841264112; -0,049033254; 0,19613302; 10,287176;
7888850602490; -0,058839902; 0,16671306; 10,306789;
7888860581737; -0,058839902; 0,1765197; 10,336209;
7888870530467; -0,049033254; 0,19613302; 10,316596;
7888880875927; -0,039226603; 0,19613302; 10,306789;
7888891160351; -0,029419951; 0,18632637; 10,287176;
7888900498730; -0,029419951; 0,18632637; 10,316596;
7888910569531; -0,019613301; 0,1765197; 10,287176;
7888920853955; -0,039226603; 0,16671306; 10,287176;
7888935929638; -0,029419951; 0,15690641; 10,306789;
7888942124706; -0,029419951; 0,14709976; 10,326404;
7888950791698; -0,06864655; 0,14709976; 10,296984;
7888960648876; -0,08825985; 0,1765197; 10,287176;
7888970963818; -0,049033254; 0,19613302; 10,238143;
7888980698925; -0,029419951; 0,16671306; 10,247951;
7888990983350; -0,019613301; 0,19613302; 10,267563;
7889000779493; -0,029419951; 0,21574631; 10,27737;
7889011857373; -0,029419951; 0,21574631; 10,306789;
7889020554882; 0,0; 0,23535961; 10,326404;
7889030595165; -0,009806651; 0,22555298; 10,296984;
7889040910106; -0,029419951; 0,21574631; 10,27737;
7889050797802; -0,019613301; 0,18632637; 10,306789;
7889060532910; -0,039226603; 0,1765197; 10,336209;
7889070756299; -0,029419951; 0,16671306; 10,287176;
7889080521924; -0,029419951; 0,15690641; 10,257756;
7889090501172; -0,039226603; 0,15690641; 10,267563;
7889101212841; -0,029419951; 0,1765197; 10,296984;
7889110551219; -0,049033254; 0,1765197; 10,267563;
7889120744091; -0,08825985; 0,1765197; 10,287176;
7889130540234; -0,078453206; 0,15690641; 10,247951;
7889140885693; -0,058839902; 0,19613302; 10,27737;
7889154588086; -0,058839902; 0,16671306; 10,27737;
7889160569532; -0,049033254; 0,1765197; 10,267563;
7889171677929; -0,058839902; 0,19613302; 10,257756;
7889180558544; -0,039226603; 0,16671306; 10,238143;
7889190720897; -0,049033254; 0,1765197; 10,247951;
7889200608593; -0,039226603; 0,18632637; 10,287176;
7889210587841; 0,0; 0,20593967; 10,365629;
7889220811230; -0,029419951; 0,18632637; 10,316596;
7889231309277; -0,019613301; 0,18632637; 10,306789;
7889241074903; -0,049033254; 0,1765197; 10,247951;
7889252030713; -0,058839902; 0,18632637; 10,287176;
7889260728222; -0,049033254; 0,19613302; 10,257756;
7889270554881; -0,039226603; 0,14709976; 10,228337;
7889282243114; -0,029419951; 0,14709976; 10,238143;
7889290665966; -0,009806651; 0,18632637; 10,247951;
7889300553662; -0,019613301; 0,1765197; 10,21853;
7889310563428; -0,029419951; 0,15690641; 10,267563;
7889321214063; -0,009806651; 0,1765197; 10,257756;
7889330582959; -0,019613301; 0,19613302; 10,27737;
7889340562206; -0,049033254; 0,18632637; 10,257756;
7889350602489; -0,039226603; 0,22555298; 10,27737;
7889360642772; -0,049033254; 0,18632637; 10,267563;
7889370622021; -0,058839902; 0,18632637; 10,267563;
7889380601269; -0,039226603; 0,1765197; 10,228337;
7889390611035; -0,039226603; 0,18632637; 10,316596;
7889400681836; -0,009806651; 0,19613302; 10,316596;
7889410569531; -0,029419951; 0,18632637; 10,296984;
7889420609814; -0,019613301; 0,1765197; 10,287176;
7889430558543; -0,039226603; 0,1765197; 10,287176;
7889440629345; -0,029419951; 0,20593967; 10,306789;
7889450608593; -0,039226603; 0,21574631; 10,287176;
7889460648877; -0,058839902; 0,1765197; 10,257756;
7889470597607; -0,049033254; 0,15690641; 10,267563;
7889480668409; -0,009806651; 0,20593967; 10,316596;
7889490586621; 0,009806651; 0,22555298; 10,267563;
7889500596386; -0,019613301; 0,18632637; 10,326404;
7889510697704; -0,019613301; 0,15690641; 10,287176;
7889530534130; -0,039226603; 0,14709976; 10,336209;
7889540910107; -0,009806651; 0,16671306; 10,306789;
7889550523145; -0,029419951; 0,16671306; 10,316596;
7889560502392; 0,0; 0,1765197; 10,306789;
7889570847850; -0,009806651; 0,15690641; 10,267563;
7889590897899; -0,039226603; 0,15690641; 10,296984;
7889610520702; -0,009806651; 0,18632637; 10,296984;
7889620713574; -0,019613301; 0,1765197; 10,267563;
7889630570752; -0,019613301; 0,14709976; 10,326404;
7889640885693; -0,009806651; 0,18632637; 10,306789;
7889650620800; -0,039226603; 0,1765197; 10,267563;
7889660539012; -0,049033254; 0,21574631; 10,296984;
7889680650097; -0,019613301; 0,1765197; 10,316596;
7889690507275; -0,029419951; 0,15690641; 10,306789;
7889700547558; -0,029419951; 0,1765197; 10,238143;
7889710557324; -0,039226603; 0,1765197; 10,238143;
7889720658642; -0,049033254; 0,22555298; 10,287176;
7889730576854; -0,049033254; 0,20593967; 10,267563;
7889740830760; -0,039226603; 0,18632637; 10,287176;
7889750657420; -0,049033254; 0,20593967; 10,296984;
7889760636669; -0,039226603; 0,18632637; 10,316596;
7889772111279; -0,049033254; 0,1765197; 10,326404;
7889780595166; -0,049033254; 0,1765197; 10,306789;
7889800584179; -0,029419951; 0,1765197; 10,306789;
7889810654979; -0,009806651; 0,1765197; 10,267563;
7889820603709; -0,019613301; 0,14709976; 10,316596;
7889831559520; -0,039226603; 0,19613302; 10,27737;
7889841142040; -0,009806651; 0,1765197; 10,287176;
7889850694042; -0,049033254; 0,18632637; 10,316596;
7889861253125; -0,049033254; 0,15690641; 10,287176;
7889871079785; -0,039226603; 0,18632637; 10,296984;
7889880936962; -0,029419951; 0,21574631; 10,257756;
7889890977245; -0,029419951; 0,20593967; 10,267563;
7889900529246; -0,049033254; 0,20593967; 10,296984;
7889910539012; -0,029419951; 0,16671306; 10,306789;
7889920976024; -0,058839902; 0,1765197; 10,267563;
7889930558544; -0,049033254; 0,15690641; 10,296984;
7889940659863; -0,06864655; 0,20593967; 10,306789;
7889950547559; -0,029419951; 0,18632637; 10,326404;
7889960526806; -0,029419951; 0,15690641; 10,336209;
7889970628124; 0,0; 0,1765197; 10,296984;
7889982560496; -0,009806651; 0,1372931; 10,287176;
7889990617137; -0,039226603; 0,1765197; 10,267563;
7890000932079; -0,039226603; 0,16671306; 10,267563;
7890010575634; -0,049033254; 0,16671306; 10,257756;
7890020554883; -0,019613301; 0,14709976; 10,247951;
7890030930859; -0,029419951; 0,15690641; 10,287176;
7890040574414; -0,019613301; 0,1765197; 10,238143;
7890050614696; -0,019613301; 0,15690641; 10,21853;
7890060563426; -0,058839902; 0,15690641; 10,267563;
7890070542674; -0,039226603; 0,19613302; 10,287176;
7890083054882; -0,049033254; 0,18632637; 10,257756;
7890090562206; -0,029419951; 0,1765197; 10,306789;
7890100968701; 0,0; 0,15690641; 10,257756;
7890110551221; -0,029419951; 0,14709976; 10,267563;
7890120530468; -0,029419951; 0,16671306; 10,287176;
7890130540233; -0,029419951; 0,1765197; 10,296984;
7890141160350; -0,049033254; 0,15690641; 10,287176;
7890150742870; -0,06864655; 0,20593967; 10,27737;
7890161149364; -0,058839902; 0,20593967; 10,267563;
7890170976025; -0,049033254; 0,1765197; 10,316596;
7890183457714; -0,039226603; 0,1765197; 10,296984;
7890190934522; -0,029419951; 0,20593967; 10,296984;
7890200883251; -0,029419951; 0,19613302; 10,287176;
7890210648876; -0,039226603; 0,19613302; 10,316596;
7890220567088; -0,049033254; 0,19613302; 10,326404;
7890230668407; -0,039226603; 0,19613302; 10,316596;
7890242081981; -0,009806651; 0,18632637; 10,287176;
7890250871044; -0,009806651; 0,18632637; 10,316596;
7890266953808; -0,009806651; 0,1765197; 10,287176;
7890270615918; -0,019613301; 0,18632637; 10,27737;
7890280686718; -0,009806651; 0,1765197; 10,27737;
7890290543895; -0,039226603; 0,1765197; 10,287176;
7890300553660; -0,049033254; 0,1372931; 10,208723;
7890310685497; -0,058839902; 0,20593967; 10,238143;
7890320634228; -0,009806651; 0,19613302; 10,257756;
7890331101757; -0,009806651; 0,18632637; 10,247951;
7890340867383; 0,009806651; 0,19613302; 10,27737;
7890350907666; -0,019613301; 0,15690641; 10,27737;
7890360551220; -0,039226603; 0,14709976; 10,287176;
7890370683056; 0,0; 0,18632637; 10,316596;
7890380601268; -0,019613301; 0,19613302; 10,27737;
7890391282420; -0,039226603; 0,15690641; 10,21853;
7890400590282; 0,0; 0,1765197; 10,257756;
7890410539013; -0,009806651; 0,1765197; 10,287176;
7890420548779; -0,019613301; 0,15690641; 10,346017;
7890433060986; -0,039226603; 0,20593967; 10,287176;
7890440659863; -0,009806651; 0,1765197; 10,27737;
7890450944286; 0,0; 0,16671306; 10,287176;
7890460557322; -0,019613301; 0,1765197; 10,287176;
7890470719676; -0,039226603; 0,16671306; 10,27737;
7890480668407; -0,039226603; 0,18632637; 10,287176;
7890490617138; -0,009806651; 0,1765197; 10,306789;
7890500657422; 0,0; 0,16671306; 10,287176;
7890510636670; -0,019613301; 0,1765197; 10,306789;
7890520615917; -0,029419951; 0,18632637; 10,296984;
7890530625682; -0,039226603; 0,15690641; 10,316596;
7890540604930; -0,078453206; 0,16671306; 10,296984;
7890550614696; -0,078453206; 0,18632637; 10,27737;
7890560624462; -0,029419951; 0,1765197; 10,296984;
7890570756298; -0,019613301; 0,14709976; 10,326404;
7890580521924; -0,06864655; 0,16671306; 10,296984;
7890590684277; -0,019613301; 0,18632637; 10,296984;
7890600602490; -0,029419951; 0,18632637; 10,296984;
7890610520702; -0,039226603; 0,20593967; 10,306789;
7890630631786; -0,049033254; 0,20593967; 10,326404;
7890640641552; -0,049033254; 0,1765197; 10,316596;
7890650590283; -0,049033254; 0,15690641; 10,27737;
7890660600049; -0,058839902; 0,19613302; 10,27737;
7890670609815; -0,049033254; 0,19613302; 10,316596;
7890680711132; -0,019613301; 0,19613302; 10,296984;
7890690659862; -0,029419951; 0,14709976; 10,296984;
7890700578074; -0,009806651; 0,18632637; 10,316596;
7890710831981; 0,0; 0,15690641; 10,316596;
7890722764354; -0,029419951; 0,15690641; 10,27737;
7890740861279; -0,039226603; 0,15690641; 10,316596;
7890750565869; -0,019613301; 0,19613302; 10,346017;
7890760697706; 0,0; 0,18632637; 10,296984;
7890770646435; -0,049033254; 0,19613302; 10,287176;
7890780656200; -0,049033254; 0,18632637; 10,287176;
7890790604930; -0,06864655; 0,21574631; 10,306789;
7890800675730; -0,049033254; 0,18632637; 10,316596;
7890810654978; -0,029419951; 0,18632637; 10,316596;
7890822862009; -0,049033254; 0,18632637; 10,306789;
7890850663524; -0,058839902; 0,1765197; 10,267563;
7890860764843; -0,039226603; 0,14709976; 10,27737;
7890870530468; -0,039226603; 0,15690641; 10,306789;
7890880570752; -0,029419951; 0,1765197; 10,27737;
7890890519482; -0,039226603; 0,20593967; 10,296984;
7890900712352; -0,06864655; 0,1765197; 10,306789;
7890910935740; -0,039226603; 0,15690641; 10,267563;
7890920792917; -0,049033254; 0,19613302; 10,257756;
7890931870799; -0,039226603; 0,16671306; 10,287176;
7890941636424; -0,039226603; 0,14709976; 10,306789;
7890950578075; -0,039226603; 0,1765197; 10,267563;
7890961228710; -0,049033254; 0,14709976; 10,287176;
7890972184521; -0,058839902; 0,16671306; 10,27737;
7890980546338; -0,06864655; 0,18632637; 10,316596;
7890991135938; -0,029419951; 0,19613302; 10,316596;
7891000565869; -0,019613301; 0,18632637; 10,27737;
7891010789257; -0,019613301; 0,20593967; 10,27737;
7891020737987; 0,0; 0,22555298; 10,287176;
7891030564646; 0,0; 0,21574631; 10,27737;
7891041093210; -0,039226603; 0,20593967; 10,316596;
7891050584177; -0,039226603; 0,18632637; 10,267563;
7891060532908; -0,078453206; 0,20593967; 10,27737;
7891070542674; -0,06864655; 0,20593967; 10,27737;
7891081010204; -0,049033254; 0,19613302; 10,27737;
7891090897899; -0,019613301; 0,18632637; 10,247951;
7891100633007; 0,009806651; 0,18632637; 10,326404;
7891112504345; -0,039226603; 0,16671306; 10,316596;
7891121018750; -0,06864655; 0,1765197; 10,336209;
7891130540234; -0,039226603; 0,16671306; 10,267563;
7891140672069; -0,019613301; 0,15690641; 10,306789;
7891150498729; -0,029419951; 0,1765197; 10,296984;
7891160783152; -0,058839902; 0,19613302; 10,287176;
7891170853953; -0,029419951; 0,19613302; 10,296984;
7891180528026; -0,049033254; 0,18632637; 10,228337;
7891190598827; -0,019613301; 0,1765197; 10,267563;
7891200547558; -0,029419951; 0,14709976; 10,257756;
7891213059765; -0,029419951; 0,15690641; 10,257756;
7891220658642; -0,049033254; 0,1372931; 10,257756;
7891230576855; -0,06864655; 0,15690641; 10,228337;
7891240525584; -0,08825985; 0,1372931; 10,247951;
7891250504832; -0,039226603; 0,16671306; 10,27737;
7891260545115; -0,058839902; 0,14709976; 10,257756;
7891270554881; -0,029419951; 0,20593967; 10,257756;
7891280625682; -0,049033254; 0,19613302; 10,257756;
7891290574413; -0,049033254; 0,14709976; 10,257756;
7891300828319; -0,039226603; 0,15690641; 10,257756;
7891313584667; -0,039226603; 0,15690641; 10,306789;
7891320664746; -0,049033254; 0,14709976; 10,316596;
7891330582959; -0,039226603; 0,15690641; 10,336209;
7891341019970; -0,019613301; 0,1765197; 10,287176;
7891350907665; -0,039226603; 0,15690641; 10,306789;
7891360673289; -0,029419951; 0,16671306; 10,296984;
7891371171335; -0,029419951; 0,15690641; 10,287176;
7891380784373; -0,049033254; 0,16671306; 10,267563;
7891390611033; -0,029419951; 0,15690641; 10,27737;
7891404679637; -0,029419951; 0,16671306; 10,287176;
7891412949901; -0,039226603; 0,1372931; 10,287176;
7891420518261; -0,049033254; 0,14709976; 10,257756;
7891430619580; -0,019613301; 0,15690641; 10,257756;
7891440720898; -0,058839902; 0,15690641; 10,257756;
7891456742626; -0,06864655; 0,1765197; 10,247951;
7891460648876; -0,058839902; 0,18632637; 10,257756;
7891470597606; -0,06864655; 0,20593967; 10,257756;
7891480515818; -0,058839902; 0,19613302; 10,287176;
7891491715769; -0,039226603; 0,19613302; 10,306789;
7891500871043; -0,039226603; 0,1765197; 10,336209;
7891513993602; -0,039226603; 0,15690641; 10,316596;
7891520737987; -0,029419951; 0,14709976; 10,326404;
7891531236035; -0,039226603; 0,1765197; 10,316596;
7891541093213; -0,049033254; 0,16671306; 10,316596;
7891551225048; -0,029419951; 0,18632637; 10,316596;
7891560563426; -0,009806651; 0,1765197; 10,316596;
7891570573191; -0,029419951; 0,14709976; 10,326404;
7891580613474; -0,039226603; 0,15690641; 10,336209;
7891591111521; -0,049033254; 0,14709976; 10,346017;
7891601029734; -0,039226603; 0,21574631; 10,316596;
7891612656932; -0,09806651; 0,18632637; 10,306789;
7891623368602; -0,08825985; 0,1765197; 10,316596;
7891631944042; -0,08825985; 0,1765197; 10,306789;
7891640611035; -0,049033254; 0,1765197; 10,306789;
7891650651318; -0,039226603; 0,18632637; 10,326404;
7891660752636; -0,049033254; 0,16671306; 10,316596;
7891671525340; -0,049033254; 0,16671306; 10,306789;
7891680894236; -0,06864655; 0,1765197; 10,27737;
7891690934519; -0,058839902; 0,20593967; 10,296984;
7891701035838; -0,049033254; 0,1765197; 10,316596;
7891713334422; -0,039226603; 0,15690641; 10,316596;
7891720597606; -0,019613301; 0,1372931; 10,296984;
7891730698925; -0,049033254; 0,18632637; 10,257756;
7891740617138; -0,029419951; 0,15690641; 10,267563;
7891750565869; -0,019613301; 0,1765197; 10,21853;
7891760606152; -0,049033254; 0,16671306; 10,238143;
7891770615917; -0,019613301; 0,18632637; 10,27737;
7891791001658; 0,019613301; 0,19613302; 10,346017;
7891800614695; -0,009806651; 0,18632637; 10,316596;
7891812760691; 0,009806651; 0,1765197; 10,27737;
7891830643993; 0,009806651; 0,19613302; 10,316596;
7891840653759; -0,029419951; 0,19613302; 10,27737;
7891850602490; -0,029419951; 0,16671306; 10,27737;
7891860612256; 0,0; 0,15690641; 10,306789;
7891870622021; -0,009806651; 0,20593967; 10,326404;
7891881547313; -0,029419951; 0,22555298; 10,287176;
7891890549998; -0,029419951; 0,18632637; 10,336209;
7891900590281; -0,049033254; 0,12748645; 10,316596;
7891912736277; -0,019613301; 0,1765197; 10,296984;
