5672920579297; 2,8439288; 7,296148; 11,228616;
5672930589062; 4,2266665; 8,22778; 12,140634;
5672940568310; 5,3936577; 9,149605; 12,905553;
5672950730662; 5,266171; 8,933859; 13,96467;
5672960770946; 4,295313; 7,590348; 16,288847;
5672970628124; 3,3538744; 6,5704556; 18,152111;
5672980668408; 2,2359164; 5,4819174; 19,083742;
5672990647656; 0,86298525; 4,5012527; 18,152111;
5673000810010; 0,1765197; 4,324733; 15,141468;
5673010575634; 0,23535961; 4,491446; 11,8758545;
5673020615917; 0,39226604; 4,7856455; 9,228058;
5673030747752; 0,29419953; 5,128878; 7,286341;
5673040635448; 0,09806651; 5,491724; 5,9918633;
5673051072460; 0,5687857; 5,7565036; 5,305398;
5673060716015; 1,7553904; 6,0997367; 4,8935184;
5673070603711; 2,441856; 6,0997367; 3,6284606;
5673080613477; 2,8145087; 5,5701776; 2,441856;
5673090653759; 2,8537352; 5,315205; 1,5298375;
5673100663524; 1,9024901; 5,226945; 0,5491724;
5673110673289; 0,43149263; 4,971972; -0,4609126;
5673120652538; -0,43149263; 4,4227996; -1,8142303;
5673130723339; -0,78453207; 3,7755606; -3,6578808;
5673140641552; -1,3827378; 3,589234; -5,4623046;
5673150742871; -1,5298375; 2,951802; -8,590626;
5673160600049; -1,431771; 2,1280432; -11,444362;
5673170609814; -0,34323275; 1,824037; -12,934972;
5673180589062; 1,1571848; 1,2846713; -13,915637;
5673190629344; 1,6082907; 1,1473781; -13,180139;
5673201402050; 0,980665; -0,5001392; -9,6105175;
5673210557323; 1,4513842; -2,6870224; -4,354153;
5673220658642; 10,728477; -0,4412993; 7,8257074;
5673231065137; 6,187997; 5,050425; 10,502923;
5673240617139; 5,1681046; 10,434276; 2,6870224;
5673254746777; 7,6589937; 13,366465; 2,7066357;
5673263749462; 8,43372; 10,54215; 5,7957306;
5673271165233; 4,7856455; 5,5505643; 9,669357;
5673280900341; -1,5004176; 1,0493116; 10,816735;
5673290757519; -5,8251505; -1,2846713; 6,6881356;
5673301316601; -6,2174163; -1,2356379; -1,4709976;
5673311387402; -3,0694816; 1,2650579; -9,463418;
5673321305616; 6,14877; 5,226945; 0,1765197;
5673331651074; 8,061067; 6,197803; 10,091043;
5673340531689; 5,3250113; 7,384408; 6,9136887;
5673351029735; 4,354153; 9,002505; 9,365352;
5673360642772; 2,579149; 8,306233; 9,433998;
5673370560986; 2,245723; 7,815901; 8,688692;
5673380570752; 2,9125752; 8,05126; 9,394772;
5673395982129; 3,3538744; 8,031647; 10,561763;
5673400712354; 4,2266665; 7,6982207; 11,905274;
5673410600049; 4,599319; 7,305955; 13,945057;
5673420609814; 4,4227996; 6,933302; 15,023788;
5673430497508; 3,4911675; 6,4527764; 15,582768;
5673441270214; 2,0692034; 5,560371; 15,327795;
5673452714306; 0,32361946; 4,8542924; 14,101964;
5673460557324; -1,0983448; 4,412993; 12,287733;
5673470597607; -1,4709976; 4,8150654; 10,032203;
5673481034619; -1,039505; 5,903604; 8,237586;
5673491166455; -0,2549729; 6,717556; 7,178468;
5673500779491; 0,63743234; 7,158855; 6,8156223;
5673510819774; 1,3337045; 7,3353744; 7,070595;
5673520890575; 1,7259705; 7,384408; 7,4236345;
5673530534130; 2,0692034; 7,168661; 7,6295743;
5673540543896; 2,216303; 6,374323; 7,080402;
5673551438672; 1,7651972; 4,697386; 5,089652;
5673560929639; 0,36284605; 2,4810827; 1,4808042;
5673570542675; -2,2849495; 0,9022119; -2,4516625;
5673580582958; -5,050425; -0,53936577; -6,5900693;
5673590592723; -6,8646555; -1,9809434; -11,728755;
5673600694042; -2,9910283; -1,5396441; -15,86716;
5673610581737; 4,2855062; 0,97085845; -17,936365;
5673620591503; 9,894911; 1,9907501; -17,181252;
5673630723340; 10,924609; 0,40207267; -11,189388;
5673641251905; 9,885103; -1,7750038; -3,6088476;
5673650620800; 9,443805; -3,559814; 3,8049803;
5673660783153; 9,473225; -1,8338436; 11,905274;
5673670548778; 5,76631; 3,9716935; 9,296705;
5673680558544; 7,188275; 8,718113; 6,4135494;
5673690873486; 8,992699; 9,512451; 8,178747;
5673700730664; 8,541593; 7,7080274; 11,061902;
5673710893018; 6,4429693; 5,530951; 14,092156;
5673720628125; 3,5990407; 4,383573; 15,425861;
5673730607373; 1,5298375; 3,9913068; 15,729868;
5673740830761; 0,94143844; 4,1678267; 15,700448;
5673750596385; 1,2258313; 4,207053; 15,553348;
5673760636669; 1,6671306; 3,5990407; 14,749203;
5673771378857; 1,8828769; 2,9027684; 13,023232;
5673780625683; 1,8142303; 2,5301158; 10,502923;
5673791673047; 1,4709976; 2,2947562; 7,7668676;
5673800828321; 1,0885383; 2,10843; 4,9425516;
5673810716015; 0,7354988; 2,2064965; 1,8142303;
5673820542675; -0,049033254; 2,1182365; -1,4121577;
5673832352977; -1,3925444; 1,6671306; -4,6287394;
5673841050487; -2,7850888; 1,1571848; -7,864934;
5673850877148; -4,06976; 0,52955914; -11,522815;
5673860703808; -4,1286; -0,33342612; -15,759288;
5673872453076; -0,5001392; -0,30400616; -17,877523;
5673881303174; 5,423078; -0,06864655; -18,936642;
5673891099316; 9,159411; -2,0888166; -17,720617;
5673900651317; 9,2378645; -5,7074704; -12,140634;
5673920670848; 8,521979; -9,149605; -5,727084;
5673930589062; 10,228337; -2,2064965; 7,1392417;
5673941270214; 8,835792; 1,5788708; 13,572405;
5673950517041; 6,2762566; 8,2768135; -0,45110595;
5673960557325; 7,6099606; 12,699613; -0,049033254;
5673970811230; 6,4135494; 9,532064; 8,178747;
5673982499462; 5,0700383; 6,482196; 14,092156;
5673990769725; 4,432606; 5,5505643; 15,229729;
5674001328807; 2,1280432; 4,0599537; 16,386913;
5674010636669; 0,18632637; 3,2852278; 17,083185;
5674020768505; 0,06864655; 3,2263882; 17,161638;
5674030503613; 1,1277648; 3,4911675; 15,69064;
5674040543897; 2,157463; 3,706914; 13,346851;
5674050797802; 2,716442; 3,92266; 11,169775;
5674060777050; 2,6772156; 4,148213; 9,169218;
5674070603709; 2,412436; 4,3051195; 7,8355136;
5674080613475; 2,4026294; 4,1286; 6,7960086;
5674090531689; 2,6870224; 4,0795665; 5,97225;
5674100602490; 2,7360556; 4,5600924; 5,305398;
5674110673291; 2,6281824; 5,226945; 4,824872;
5674120591504; 2,4712758; 5,736891; 4,6581593;
5674130631787; 2,2261097; 5,8251505; 4,5110593;
5674140824657; 1,8632636; 5,736891; 4,2462797;
5674150529247; 1,3140912; 5,442691; 4,0501466;
5674161332470; 0,63743234; 5,050425; 3,0498683;
5674170609814; -0,029419951; 4,8346786; 1,3925444;
5674180772168; -0,6766589; 4,383573; -0,61781895;
5674190598828; -1,3337045; 3,903047; -2,6576025;
5674200669629; -1,490611; 3,2361946; -4,7562256;
5674210587842; -1,010085; 2,4810827; -6,3645163;
5674220628124; -0,15690641; 2,3732095; -7,8845468;
5674230607372; 0,8825986; 2,883155; -8,678885;
5674240678173; 2,608569; 3,7363338; -8,590626;
5674250596386; 4,5306726; 3,795174; -5,7565036;
5674261124951; 6,8646555; 2,9910283; -0,37265274;
5674270646436; 13,337045; 6,619489; 9,816457;
5674280961377; 10,591183; 5,609404; 14,9159155;
5674290727002; 6,6979423; 10,326404; 12,768259;
5674300797802; 4,9425516; 7,5413146; 15,406248;
5674310654979; 3,0008352; 3,0008352; 17,710812;
5674320939403; 1,6573241; 0,18632637; 16,759565;
5674330552441; 0,41187933; -1,5004176; 10,74809;
5674340562207; -1,372931; -2,8243153; 3,0008352;
5674350663525; -2,971415; -2,8733487; -5,5505643;
5674361039502; -2,9419951; -1,6769372; -11,434554;
5674370652539; -0,7747254; 0,39226604; -14,445196;
5674381120067; 3,4029076; 3,0989015; -15,808321;
5674390641551; 8,345459; 3,9128537; -13,631245;
5674400773388; 10,247951; 2,7654755; -5,8839903;
5674410539013; 6,9234953; 3,706914; 7,0607886;
5674420609814; 2,3241763; 3,8344004; 13,533178;
5674430619580; 4,324733; 7,913967; 7,2569213;
5674440659864; 4,8542924; 9,247671; 4,8150654;
5674450578076; 4,108987; 8,414106; 6,511616;
5674461259228; 2,745862; 7,0215616; 9,277091;
5674470567088; 0,6080123; 5,0602317; 11,660108;
5674480637890; -1,2748647; 4,0599537; 13,180139;
5674490586620; -1,7455838; 4,01092; 13,3958845;
5674500596386; -1,2454447; 4,3639593; 12,689806;
5674510606152; -0,1765197; 4,746419; 11,150162;
5674520585401; 1,2650579; 5,207331; 9,659551;
5674530564648; 2,2261097; 5,8251505; 8,443526;
5674540604931; 2,3634028; 6,2272234; 7,394214;
5674550584178; 2,3437896; 6,2076097; 6,825429;
5674561570507; 1,7750038; 5,6290174; 6,080123;
5674570603710; 1,2258313; 5,334818; 5,226945;
5674580705029; 0,76491874; 4,991585; 5,305398;
5674590501172; 0,38245937; 5,138685; 5,2857847;
5674600602491; 0,5099458; 5,217138; 7,080402;
5674610581738; 0,7453055; 4,746419; 8,796565;
5674620591503; 0,62762564; 4,491446; 8,168941;
5674630509715; 0,5099458; 4,5797057; 7,8747406;
5674640580516; 0,34323275; 4,766032; 7,8355136;
5674650529247; 0,43149263; 4,8542924; 7,8551273;
5674660905224; 0,7256921; 5,1190715; 7,864934;
5674670518262; 1,2944778; 5,560371; 7,972807;
5674680528028; 1,9122969; 5,717277; 8,05126;
5674690537793; 2,4810827; 5,6976643; 8,355267;
5674700578075; 2,863542; 5,785924; 8,090487;
5674710587840; 2,7752821; 5,7466974; 7,3157616;
5674720597606; 2,3732095; 5,423078; 6,423356;
5674730576855; 1,824037; 4,971972; 5,727084;
5674740586621; 1,3435112; 4,6287394; 5,452498;
5674750565869; 0,8924052; 4,1678267; 5,3936577;
5674761765821; 0,58839905; 3,755947; 5,815344;
5674770585400; 0,53936577; 3,4029076; 6,933302;
5674780839306; 0,76491874; 3,2852278; 8,492559;
5674790635448; 1,0296983; 2,971415; 9,98317;
5674800858837; 1,206218; 2,8537352; 10,963835;
5674810624462; 2,3732095; 2,0495899; 15,484702;
5674820664746; 2,8439288; 1,627904; 17,750038;
5674830674512; 1,9319102; 3,196968; 14,651136;
5674840653760; 1,0002784; 3,6873007; 11,424748;
5674850602490; 0,79433864; 3,2263882; 10,944222;
5674861070019; 0,86298525; 2,6870224; 11,218808;
5674870957713; 0,7060788; 2,637989; 11,601268;
5674880692821; 1,0983448; 3,1381283; 10,954029;
5674890580517; 1,9907501; 3,8638203; 10,708862;
5674900712353; 2,412436; 4,344346; 10,895189;
5674910569531; 2,0888166; 4,520866; 10,954029;
5674920579297; 2,0888166; 4,520866; 10,610796;
5674930619580; 1,4415776; 4,462026; 10,610796;
5674940598827; 1,2454447; 4,6483526; 10,904996;
5674950669627; 1,2356379; 4,0501466; 11,375715;
5674961594921; 1,3435112; 3,3734877; 11,9445;
5674980698925; 1,3042845; 3,6578808; 11,179583;
5674990739209; 1,1571848; 3,7167206; 9,98317;
5675001115186; 1,2258313; 3,873627; 8,806373;
5675010636670; 1,431771; 3,932467; 7,8845468;
5675020554882; 1,7750038; 4,432606; 7,590348;
5675030930858; 1,6769372; 4,1286; 7,129435;
5675040665966; 1,598484; 4,0599537; 6,903882;
5675051164013; 1,5592575; 4,0893736; 6,805815;
5675060593945; 1,824037; 3,9716935; 6,9234953;
5675070664746; 2,2555296; 3,9422734; 7,129435;
5675080827100; 2,3241763; 3,3832946; 7,050982;
5675090684277; 1,6475173; 3,3440678; 6,14877;
5675100571972; 0,9904717; 3,697107; 4,7856455;
5675110612254; 0,20593967; 3,7657537; 2,981222;
5675120560985; -0,5589791; 3,706914; 0,8433719;
5675130814892; -1,7651972; 3,2460015; -0,1372931;
5675140702588; -2,07901; 2,892962; 1,2944778;
5675150620801; -1,3827378; 2,4320493; 4,1972466;
5675160569532; 3,540201; 3,6382675; 12,101407;
5675174516064; 7,100015; 4,903325; 16,053488;
5675180680614; 6,08993; 5,94283; 13,405692;
5675190720897; 4,795452; 5,1877184; 9,061345;
5675201096874; 4,8052588; 4,971972; 8,267007;
5675210679394; 4,2560863; 4,5895123; 10,718669;
5675220567090; 3,1381283; 4,18744; 11,189388;
5675230943066; 2,16727; 3,2852278; 9,914524;
5675240708692; 2,1476564; 2,9223819; 8,924052;
5675250596387; 2,2555296; 3,677494; 9,502645;
5675260575634; 2,3634028; 4,314926; 10,77751;
5675270585399; 2,383016; 4,33454; 11,591461;
5675280595165; 2,3437896; 4,295313; 11,709141;
5675290543896; 2,3634028; 4,2462797; 11,473782;
5675300919873; 2,5105026; 4,2462797; 10,767702;
5675310532910; 2,892962; 4,21686; 9,992977;
5675320573194; 3,2656145; 4,0991797; 9,414385;
5675331101758; 3,4225209; 4,1678267; 9,159411;
5675340653759; 3,118515; 4,1384068; 9,267285;
5675350663524; 2,5497293; 4,108987; 9,433998;
5675361070018; 1,9417169; 4,148213; 9,787037;
5675370652538; 1,4513842; 4,236473; 10,375437;
5675381089550; 1,206218; 4,4227996; 10,914802;
5675390794141; 1,2552513; 4,520866; 10,757895;
5675400742872; 1,5592575; 4,540479; 10,659829;
5675410905224; 2,07901; 4,6385455; 11,071709;
5675421006542; 2,4320493; 4,6287394; 11,650301;
5675431474071; 2,6968288; 4,5895123; 11,954308;
5675440690380; 3,0694816; 4,795452; 12,326961;
5675451005322; 3,0792882; 4,7366123; 12,199473;
5675461106640; 3,0008352; 4,716999; 11,934693;
5675470811231; 3,0204484; 4,873905; 11,640494;
5675480576856; 2,863542; 4,775839; 11,199195;
5675490586621; 2,8243153; 4,6777725; 10,600989;
5675500840527; 2,4712758; 4,697386; 9,541871;
5675510758739; 2,0888166; 4,6777725; 7,7276406;
5675520676952; 1,3140912; 4,4816394; 5,9820566;
5675531236034; 0,5982057; 4,4227996; 3,0792882;
5675540604931; -0,16671306; 4,06976; 0,37265274;
5675550614697; -0,9316318; 3,8834338; -2,3928227;
5675560929638; -2,4516625; 3,5107808; -6,080123;
5675571488719; -4,15802; 2,304563; -9,061345;
5675580643992; -4,5797057; 1,5396441; -9,855683;
5675590592723; -3,8049803; 1,1669914; -8,825986;
5675601029735; -2,637989; -0,2745862; -7,286341;
5675610612255; -1,490611; -2,7556689; -5,334818;
5675620591504; 9,061345; -1,5886773; 7,3353744;
5675632249219; 12,35638; 6,6979423; 13,670471;
5675640611035; 12,581933; 4,2756996; 11,0226755;
5675650651317; 10,767702; 2,07901; 10,797123;
5675660600047; 7,5315075; 2,2653363; 14,837463;
5675670609813; 4,9523582; 3,6578808; 14,817849;
5675680650097; 2,2261097; 4,324733; 11,954308;
5675690598827; 1,0296983; 3,6578808; 10,51273;
5675701188427; 0,80414534; 3,755947; 9,002505;
5675710984570; 0,26477957; 4,0011134; 7,2667284;
5675720567089; -0,8727919; 3,9422734; 5,0111985;
5675731919628; -1,9221035; 3,8540137; 1,402351;
5675740647654; -2,981222; 3,5107808; -1,6573241;
5675750748973; -3,7265272; 3,1087081; -2,5889556;
5675761430126; -0,078453206; 5,354431; 8,708306;
5675770646435; 2,8733487; 5,893797; 13,984284;
5675780839306; 3,2067747; 4,0991797; 12,101407;
5675790665967; 2,2653363; 3,4617476; 9,571291;
5675800675732; 0,9218252; 3,5500076; 9,384964;
5675810624462; 0,14709976; 3,8147871; 10,4636965;
5675820908885; 0,7256921; 3,8638203; 12,326961;
5675830643993; 1,7651972; 4,4424124; 15,131662;
5675840684276; 2,6870224; 4,795452; 17,33816;
5675850694042; 3,255808; 4,775839; 18,475729;
5675860673291; 3,589234; 4,5306726; 18,171722;
5675870774609; 3,5205877; 4,2756996; 16,651693;
5675881425244; 3,2950346; 3,932467; 14,847269;
5675890641552; 2,8243153; 3,8638203; 13,111491;
5675911454540; 1,402351; 3,8344004; 9,208446;
5675920640331; 0,4412993; 3,903047; 7,227502;
5675931168896; -0,6962722; 3,6382675; 5,374045;
5675940629345; -1,7259705; 3,5990407; 3,481361;
5675961045605; -2,441856; 3,7755606; 1,372931;
5675971055370; -2,892962; 3,5009744; -5,727084;
5675990830760; -2,667409; 2,9321887; -10,061624;
5676000748974; -1,9122969; 2,383016; -13,484145;
5676010728222; -1,3533179; 0,97085845; -14,160804;
5676020615918; -1,0296983; -0,28439286; -11,7974;
5676031052930; -1,010085; -1,6475173; -8,05126;
5676040696484; -0,5982057; -3,147935; -4,207053;
5676050675731; 6,6587157; -1,3925444; 7,9041605;
5676060593944; 13,337045; 8,580819; 13,9548645;
5676070603710; 14,17061; 7,119628; 12,827099;
5676080705028; 9,228058; 2,1182365; 9,3163185;
5676090623242; 5,9918633; 2,2555296; 12,47406;
5676100663525; 4,373766; 2,9125752; 15,994647;
5676111283643; 1,5592575; 3,795174; 15,592574;
5676120652539; 0,7354988; 4,2266665; 16,416332;
5676130662304; 1,5690641; 4,383573; 18,132498;
5676142014842; 2,2261097; 4,520866; 18,318823;
5676150590282; 2,0593965; 4,5110593; 18,083464;
5676160661083; 1,824037; 4,491446; 17,406805;
5676170579296; 1,1964114; 4,2756996; 15,514121;
5676180558545; 0,5001392; 3,961887; 12,974199;
5676190629346; 0,12748645; 3,5794275; 10,54215;
5676200578076; 0,5982057; 3,8049803; 8,22778;
5676214616161; 0,7060788; 3,755947; 5,9918633;
5676221238475; 0,62762564; 3,9716935; 4,0991797;
5676230851512; 0,2549729; 3,9520802; 2,4810827;
5676240952831; -0,19613302; 4,108987; 0,82375866;
5676254289013; -0,7453055; 4,1678267; -1,0002784;
5676260941845; -1,0787315; 4,265893; -2,7360556;
5676270615918; -1,6082907; 4,1384068; -4,687579;
5676280686718; -2,383016; 4,108987; -6,9431086;
5676296952586; -3,0989015; 3,755947; -9,345738;
5676300584178; -3,1675482; 2,981222; -11,620881;
5676312180858; -2,951802; 1,7455838; -12,248507;
5676321702343; -2,5497293; 0,26477957; -11,483587;
5676340226513; -2,4320493; -1,7063572; -9,551678;
5676340653760; -2,5301158; -3,5303943; -5,1190715;
5676357804638; -0,039226603; -4,0305333; 2,3732095;
5676360581738; 9,98317; 5,5505643; 11,189388;
5676373795848; 9,738004; 7,5020876; 14,327517;
5676383195262; 8,267007; 3,3734877; 12,013146;
5676390549999; 7,84532; 4,265893; 13,150719;
5676403855663; 7,4040213; 4,824872; 12,17986;
5676410600048; 6,344903; 4,550286; 11,228616;
5676420853955; 4,9425516; 4,1384068; 10,532342;
5676430802686; 3,4715543; 4,697386; 11,444362;
5676440629345; 1,8044238; 5,579984; 11,513007;
5676450578075; 2,4026294; 4,4424124; 11,767981;
5676460618358; 3,5303943; 4,314926; 11,973921;
5676470567088; 4,236473; 4,6679654; 11,414941;
5676483231884; 4,295313; 4,8542924; 10,983448;
5676490769726; 3,8834338; 5,089652; 10,738282;
5676500932080; 3,4421344; 5,266171; 10,434276;
5676510789258; 3,589234; 5,354431; 9,728197;
5676521531445; 3,4911675; 5,432884; 8,914246;
5676530656200; 2,9910283; 5,530951; 8,610239;
5676540574412; 2,1182365; 5,8251505; 8,46314;
5676550645213; 0,82375866; 6,344903; 8,178747;
5676560899120; -0,980665; 6,511616; 7,7570605;
5676570664745; -2,579149; 6,619489; 6,9725285;
5676580918652; -3,9716935; 6,756782; 5,893797;
5676590562207; -5,3250113; 6,962722; 5,109265;
5676603318554; -6,138963; 7,0607886; 3,4911675;
5676610917431; -6,256643; 6,599876; 1,6180973;
5676628434519; -6,1585765; 6,315483; 0,8531786;
5676638871531; -5,6878576; 6,246836; 0,39226604;
5676641373974; -4,9327455; 6,286063; 0,12748645;
5676650559765; -4,746419; 6,9725285; 0,049033254;
5676660630566; -4,5012527; 6,9725285; 0,29419953;
5676670640332; -3,795174; 6,0507035; 1,3631245;
5676680863720; -1,0885383; 4,8346786; 9,992977;
5676690629345; 3,0498683; 2,8243153; 13,464531;
5676700578074; 5,334818; 2,579149; 12,12102;
5676710587840; 4,412993; 3,9520802; 12,375994;
5676720628124; 1,3533179; 5,275978; 10,306789;
5676730607372; -1,5004176; 6,962722; 7,1392417;
5676740708691; -3,0498683; 7,5413146; 6,040897;
5676750596387; -3,1675482; 7,0902085; 5,6486306;
5676760728222; -2,2653363; 6,580262; 7,217695;
5676770646434; 2,716442; 7,590348; 8,119907;
5676780564647; 7,4530544; 12,130827; 14,0627365;
5676790604929; 3,7167206; 13,189945; 14,121577;
5676800614694; 0,86298525; 13,493951; 10,620603;
5676810685495; -0,96105176; 13,091878; 10,414662;
5676820603709; -1,6769372; 14,25887; 8,2572;
5676831254344; -2,7948956; 12,768259; 9,865491;
5676840745311; -2,4222426; 10,806929; 10,904996;
5676850633007; -1,8142303; 9,7968445; 12,689806;
5676860764843; -0,97085845; 9,541871; 14,43539;
5676870713574; 0,15690641; 9,98317; 14,5432625;
5676880631787; -0,15690641; 10,385242; 13,189945;
5676890611035; -2,02017; 10,640216; 10,659829;
5676900925975; -4,01092; 12,052374; 9,394772;
5676910630565; -3,2852278; 9,757618; 10,404857;
5676920731882; -1,8436503; 7,9924207; 9,247671;
5676930589060; -1,8436503; 7,7374473; 7,9531937;
5676941270213; -0,6570456; 6,6783295; 6,8842688;
5676950639110; 1,4709976; 5,275978; 5,128878;
5676960618358; 4,18744; 3,8049803; 3,932467;
5676970750195; 5,9820566; 2,6968288; 1,3238978;
5676990586620; 7,0411754; 1,5396441; -0,5982057;
5677000657420; 8,28662; 0,23535961; -2,275143;
5677010575633; 9,198638; -0,66685224; -4,383573;
5677020585398; 9,296705; -0,980665; -6,6783295;
5677030625681; 8,884825; -1,0885383; -8,531786;
5677041673045; 7,776674; -1,4808042; -11,209002;
5677060654979; 7,109822; -1,6082907; -12,130827;
5677070756298; 6,8646555; -1,2846713; -12,827099;
5677081834179; 6,580262; -0,22555298; -13,238978;
5677090592725; 5,9820566; 1,7553904; -12,611352;
5677100999218; 5,1681046; 4,7071924; -9,816457;
5677110581737; 3,2656145; 8,149326; -6,06051;
5677121964793; 0,16671306; 11,728755; -2,0495899;
5677130875925; -3,9716935; 15,582768; 1,4709976;
5677140702586; -8,296426; 17,79907; 4,01092;
5677150651317; -12,944778; 18,907223; 5,7761173;
5677160905223; -16,298653; 19,456394; 7,6491876;
5677170609813; -16,720339; 19,730982; 9,953751;
5677180680615; -14,43539; 19,868273; 11,88566;
5677190659863; -10,885382; 19,328909; 11,934693;
5677200669629; -6,6685224; 16,83802; 10,51273;
5677210648876; -2,637989; 13,650858; 8,698499;
5677220597606; 0,80414534; 10,551956; 6,6391025;
5677230729442; 3,5303943; 7,7276406; 3,6676872;
5677240647654; 5,6192107; 5,2955914; -0,24516626;
5677250596385; 6,8842688; 3,118515; -4,5012527;
5677260606151; 7,972807; 1,3337045; -8,894632;
5677270646434; 8,541593; 0,4903325; -13,180139;
5677280778271; 8,688692; 0,029419951; -16,592852;
5677290604931; 8,1983595; -0,7158855; -18,29921;
5677300645215; 7,188275; -0,6864655; -19,152388;
5677310624462; 5,9918633; 0,8924052; -17,59313;
5677320664745; 4,6581593; 3,9815001; -13,896024;
5677330582957; 2,5399225; 7,001949; -8,865212;
5677341019968; -0,5197525; 9,002505; -2,9910283;
5677350663523; -5,089652; 9,77723; 3,1773546;
5677360734324; -10,238143; 10,051817; 9,669357;
5677370591502; -13,64105; 11,012868; 14,837463;
5677381150585; -14,033318; 12,385799; 17,426418;
5677390672070; -11,954308; 13,209559; 18,720896;
5677400712353; -8,482753; 13,091878; 19,181808;
5677410966260; -5,217138; 12,111213; 17,043959;
5677420579296; -2,5987625; 10,816735; 14,072543;
5677431290965; -0,48052588; 10,022397; 10,561763;
5677440659861; 1,431771; 9,698777; 6,256643;
5677450730662; 2,745862; 9,630131; 1,1669914;
5677460740428; 3,3342612; 9,620324; -4,4718328;
5677470597606; 3,147935; 9,120185; -9,179025;
5677480759960; 2,6281824; 8,521979; -12,0916;
5677491441112; 2,1182365; 8,1101; -12,934972;
5677500626904; 1,6377107; 8,05126; -12,601546;
5677510636670; 1,431771; 7,796287; -10,502923;
5677520615918; 0,9022119; 7,3746014; -6,7960086;
5677530595165; 0,32361946; 6,286063; -0,7158855;
5677540879589; -0,78453207; 5,148492; 8,620047;
5677550950389; -2,5889556; 4,6581593; 14,31771;
5677560593943; -4,2462797; 5,678051; 17,161638;
5677570573191; -5,6486306; 6,756782; 18,583603;
5677580705028; -6,168383; 7,276535; 19,299488;
5677591355663; -5,4623046; 8,041453; 18,769928;
5677600663524; -4,324733; 8,649466; 17,955976;
5677610581738; -2,6870224; 9,041732; 16,57324;
5677620744092; -0,8433719; 9,365352; 13,503758;
5677630692821; 0,36284605; 9,659551; 9,698777;
5677640916209; 0,78453207; 9,80665; 5,442691;
5677650590281; 0,52955914; 9,77723; 1,2552513;
5677660569529; 0,31381282; 9,845878; -2,7360556;
5677670609812; 0,19613302; 10,032203; -5,76631;
5677680650096; 0,058839902; 9,953751; -8,119907;
5677690751414; -0,18632637; 9,532064; -9,639937;
5677700639110; -0,14709976; 9,198638; -10,01259;
5677710587841; 0,34323275; 8,845599; -9,914524;
5677720597607; 0,7747254; 8,521979; -9,384964;
5677730546338; 1,0885383; 7,943387; -8,002227;
5677740708691; 1,0002784; 6,854849; -4,716999;
5677750596385; 0,08825985; 5,6584373; 0,66685224;
5677760636668; -1,431771; 4,491446; 8,02184;
5677770676951; -2,9125752; 3,8834338; 14,013703;
5677780808787; -4,3051195; 4,33454; 17,01454;
5677791245799; -5,9330235; 4,7366123; 18,514957;
5677800767284; -6,903882; 5,6290174; 19,260262;
5677810777050; -7,050982; 6,6587157; 18,867996;
5677820573193; -6,854849; 7,5413146; 18,12269;
5677830735547; -5,923217; 8,119907; 17,485258;
5677840653760; -4,148213; 8,718113; 15,69064;
5677850633007; -2,4810827; 9,198638; 12,797679;
5677860978466; -1,3827378; 9,561484; 9,404578;
5677870866160; -1,1669914; 9,453611; 6,5214224;
5677880723337; -1,6671306; 9,159411; 4,393379;
5677890580516; -1,5494508; 9,257479; 2,245723;
5677900620799; -0,7551121; 9,571291; -0,1372931;
5677910691600; -0,08825985; 9,6105175; -3,1087081;
5677920640331; 0,19613302; 9,257479; -5,9134107;
5677930589062; 0,28439286; 8,708306; -7,9531937;
5677940873486; 0,62762564; 8,551399; -9,188831;
5677950730663; 0,5982057; 7,972807; -9,924331;
5677961045604; 0,5491724; 7,668801; -9,355545;
5677971024851; -0,078453206; 7,296148; -6,9725285;
5677981095652; -0,06864655; 6,511616; -3,4911675;
5677990678172; -0,6864655; 6,5214224; -3,4911675;
5678000840525; -1,0885383; 5,6976643; 1,7063572;
5678010880809; -1,8338436; 5,1877184; 7,8355136;
5678020585399; -2,6870224; 5,0602317; 13,925444;
5678030625683; -4,344346; 5,1877184; 16,965506;
5678040971142; -6,472389; 5,5701776; 18,485537;
5678050584180; -8,698499; 6,6391025; 19,250454;
5678060593945; -9,649744; 7,972807; 19,632914;
5678070725780; -9,483031; 8,737725; 19,81924;
5678080643992; -8,05126; 9,473225; 19,525042;
5678090653757; -6,246836; 9,6105175; 17,495064;
5678100602488; -4,2462797; 9,541871; 14,22945;
5678110734324; -2,8439288; 9,267285; 10,306789;
5678120622020; -2,1476564; 9,326124; 6,374323;
5678130631786; -1,6475173; 9,463418; 2,2064965;
5678140702587; -1,2160246; 9,492838; -1,9809434;
5678150987011; -0,9022119; 9,551678; -6,0016704;
5678161057813; -0,79433864; 9,532064; -9,012312;
5678171861035; -0,7354988; 9,286898; -11,365908;
5678181474071; -0,5001392; 8,992699; -12,601546;
5678190629344; -0,19613302; 8,502366; -13,238978;
5678200974802; 0,30400616; 7,6295743; -12,827099;
5678210618357; 1,0493116; 6,580262; -10,01259;
5678220597606; 1,431771; 5,3250113; -5,3642383;
5678230607372; 1,0689249; 4,33454; 1,3140912;
5678240830761; 0,2745862; 3,3832946; 10,091043;
5678250687939; -1,1669914; 3,0106418; 15,053209;
5678260697705; -3,147935; 3,0008352; 17,534292;
5678270646435; -5,374045; 3,9913068; 18,769928;
5678280625682; -7,305955; 5,8251505; 19,387749;
5678290635447; -7,9531937; 7,4530544; 18,907223;
5678300675730; -7,433441; 8,521979; 17,612745;
5678310624461; -6,187997; 9,296705; 16,661499;
5678320725779; -4,2462797; 9,306512; 15,327795;
5678330643993; -2,667409; 8,875019; 12,59174;
5678340684276; -1,8828769; 9,080958; 8,904439;
5678350663525; -2,0495899; 9,71839; 5,305398;
5678360673291; -2,9321887; 10,296984; 2,157463;
5678370591504; -3,785367; 10,708862; -0,97085845;
5678380753857; -4,6189322; 10,797123; -3,3048413;
5678390641551; -5,2857847; 10,640216; -5,8447638;
5678400620799; -5,501531; 11,003062; -7,5020876;
5678410630564; -5,668244; 11,032481; -8,335653;
5678420579295; -5,903604; 10,699056; -8,855406;
5678430650096; -5,97225; 10,414662; -8,855406;
5678440659862; -5,9134107; 9,934136; -8,208166;
5678450547558; -5,815344; 9,051538; -6,4037433;
5678460618359; -5,423078; 7,7178345; -3,0989015;
5678470628125; -4,5012527; 6,6391025; 1,7063572;
5678480637891; -3,5009744; 5,374045; 6,9725285;
5678490708691; -2,216303; 4,4816394; 11,826821;
5678500657421; -1,1767981; 3,9815001; 15,827934;
5678510636668; -0,6864655; 3,5107808; 17,916752;
5678520615916; -0,48052588; 3,4029076; 18,966063;
5678530595164; -0,7354988; 3,7167206; 19,485815;
5678540665965; -1,0787315; 3,92266; 19,750595;
5678550614696; -0,8924052; 4,5306726; 19,878082;
5678560624462; 0,019613301; 5,148492; 19,946728;
5678570725781; 1,1964114; 5,266171; 19,358328;
5678580674512; 2,1378498; 5,148492; 17,59313;
5678590592724; 2,5301158; 5,158298; 15,778901;
5678600694042; 2,245723; 5,128878; 13,984284;
5678610673289; 1,2160246; 5,246558; 11,9445;
5678620652536; -0,32361946; 5,6192107; 9,590904;
5678630723338; -2,1966896; 6,256643; 7,2569213;
5678640702586; -4,354153; 6,894075; 4,8640985;
5678650620799; -6,305676; 7,3157616; 2,02017;
5678661729198; -7,511894; 7,4236345; -1,5690641;
5678670609814; -7,276535; 7,619767; -6,1095433;
5678680741650; -7,286341; 7,815901; -9,7968445;
5678690659863; -7,4530544; 7,384408; -13,189945;
5678700608593; -7,354988; 7,0902085; -15,759288;
5678710648876; -6,6292963; 7,188275; -17,602938;
5678720597606; -5,9134107; 7,6001544; -18,161917;
5678730790476; -5,4034643; 7,9531937; -17,318544;
5678740617137; -5,001392; 8,100293; -15,308182;
5678750779490; -4,2462797; 7,972807; -11,7974;
5678760667186; -2,608569; 6,854849; -5,9330235;
5678770585399; -0,009806651; 3,5205877; 4,883712;
5678780564648; 2,5693426; -0,3530394; 12,444639;
5678790665967; 4,354153; -0,12748645; 16,230007;
5678800767285; 4,6581593; 2,637989; 18,12269;
5678810624462; 3,0989015; 5,4132714; 15,827934;
5678820573192; 1,3238978; 8,423913; 11,954308;
5678830766063; -0,6962722; 11,6895275; 11,052095;
5678840653757; -2,520309; 14,366743; 12,29754;
5678850633006; -4,491446; 15,827934; 12,552513;
5678860642772; -5,5211444; 16,475172; 11,297261;
5678870622020; -6,482196; 15,671027; 8,492559;
5678880631786; -7,5315075; 14,37655; 5,785924;
5678890611035; -8,217974; 13,023232; 3,2950346;
5678900590283; -8,698499; 11,513007; 1,4611909;
5678910661083; -8,698499; 10,532342; -0,20593967;
5678920609813; -8,767146; 9,71839; -1,9907501;
5678930650096; -9,267285; 9,228058; -4,1286;
5678940568308; -9,7968445; 8,9436655; -6,2076097;
5678950608592; -10,493116; 8,894632; -8,247393;
5678960557322; -11,267841; 8,894632; -10,257756;
5678970567088; -11,9445; 8,924052; -12,042567;
5678980729442; -12,307347; 8,806373; -13,660664;
5678990586620; -12,326961; 8,620047; -14,621716;
5679000962597; -12,052374; 8,512173; -14,2490635;
5679020585400; -11,483587; 8,267007; -12,993812;
5679030656200; -10,51273; 7,84532; -11,228616;
5679040635447; -9,326124; 7,511894; -8,914246;
5679050706248; -7,6295743; 7,5020876; -6,374323;
5679060624461; -5,1681046; 7,5315075; -3,844207;
5679070786815; -2,412436; 7,168661; -0,80414534;
5679080552440; 0,29419953; 6,4037433; 3,4421344;
5679090592724; 3,196968; 5,6878576; 8,629852;
5679100602490; 5,021005; 5,138685; 13,797957;
5679110612256; 5,8643775; 4,7562256; 16,906666;
5679120560986; 6,492003; 4,15802; 18,456116;
5679130601269; 7,345181; 3,8834338; 19,230843;
5679140702587; 7,943387; 4,33454; 19,49562;
5679150681834; 7,806094; 4,766032; 17,720617;
5679160661082; 6,766589; 5,207331; 15,317987;
5679170579295; 5,383851; 5,736891; 12,846712;
5679180711131; 3,8049803; 6,2174163; 10,238143;
5679190568309; 1,627904; 6,4135494; 7,4922814;
5679200669628; -0,42168596; 6,992142; 4,795452;
5679210587841; -2,520309; 8,090487; 1,7750038;
5679220658642; -5,158298; 9,051538; -2,2555296;
5679230607372; -7,8845468; 9,71839; -7,080402;
5679240647655; -10,473503; 10,238143; -11,258035;
5679250596385; -12,640773; 10,797123; -14,670749;
5679260606150; -14,219644; 10,767702; -17,053766;
5679270585398; -15,219921; 10,561763; -18,132498;
5679280595164; -15,631802; 10,208723; -18,809156;
5679290635448; -14,749203; 10,287176; -17,916752;
5679300645214; -13,6900835; 10,120463; -16,298653;
5679310685497; -12,101407; 9,365352; -14,17061;
5679320664746; -9,659551; 8,365073; -11,336488;
5679330705029; -6,080123; 6,992142; -6,854849;
5679340653759; -1,0198916; 5,609404; -0,38245937;
5679350694042; 4,687579; 4,0991797; 8,217974;
5679360642772; 9,620324; 2,6870224; 14,11177;
5679370560984; 13,317431; 1,5298375; 17,063572;
5679380723338; 14,278483; 1,0296983; 18,53457;
5679390641551; 14,131384; 1,6769372; 19,27007;
5679400742870; 12,552513; 2,500696; 17,985397;
5679410661083; 9,051538; 3,9520802; 14,572682;
5679420640331; 4,795452; 5,678051; 11,032481;
5679430619580; 0,5491724; 7,4922814; 7,8747406;
5679440659863; -3,118515; 8,776953; 4,412993;
5679450608593; -6,393936; 10,316596; 1,1964114;
5679460618358; -9,306512; 11,630688; -1,7651972;
5679470628123; -11,434554; 12,12102; -4,883712;
5679480576853; -12,7290325; 12,277926; -8,2572;
5679490617137; -13,778344; 12,17986; -11,336488;
5679500626903; -14,533457; 12,199473; -13,64105;
5679510606151; -14,945335; 12,042567; -15,043402;
5679520646435; -15,023788; 11,836627; -16,053488;
5679530625683; -14,651136; 11,777788; -15,729868;
5679540604932; -13,631245; 11,218808; -13,974477;
5679550645214; -11,728755; 10,54215; -11,101129;
5679560593944; -9,051538; 9,473225; -7,4040213;
5679570634227; -5,7957306; 8,090487; -3,3048413;
5679580705027; -2,0397832; 7,227502; 1,9515235;
5679590623240; 1,5102242; 6,5018096; 7,6786075;
5679600663524; 4,2756996; 5,609404; 12,62116;
5679610642772; 6,6391025; 4,6777725; 16,180973;
5679620652538; 8,610239; 4,1972466; 18,09327;
5679630631786; 9,7968445; 4,1678267; 19,054321;
5679640672070; 9,953751; 4,462026; 18,56399;
5679650620801; 9,453611; 5,001392; 16,534014;
5679660600048; 8,296426; 5,785924; 13,748924;
5679670609813; 6,599876; 6,531229; 10,826543;
5679680619578; 4,6189322; 7,1392417; 7,9924207;
5679690629343; 2,4320493; 7,913967; 5,334818;
5679700608592; -0,2549729; 8,561206; 2,637989;
5679710618358; -3,1871614; 9,120185; -0,049033254;
5679720597606; -6,0997367; 9,639937; -2,6772156;
5679730607372; -8,46314; 10,140077; -5,6290174;
5679740708691; -10,247951; 10,806929; -8,776953;
5679750596387; -11,473782; 11,277649; -11,9837265;
5679760575635; -12,160246; 11,473782; -14,808043;
5679770646435; -12,375994; 11,699334; -16,612467;
5679780534130; -12,1700535; 11,895467; -16,779179;
5679790574412; -11,758174; 11,620881; -15,612188;
5679800919871; -11,003062; 10,846156; -13,493951;
5679810593943; -9,384964; 9,875298; -11,120742;
5679821336131; -7,1980815; 8,786758; -8,031647;
5679830582958; -4,33454; 7,4236345; -3,5696208;
5679840623241; -0,80414534; 6,4527764; 3,059675;
5679850633007; 2,2849495; 5,9820566; 10,355823;
5679860581738; 4,462026; 5,2955914; 15,180696;
5679870591503; 6,08993; 4,540479; 17,59313;
5679880662303; 7,6589937; 4,609126; 18,799349;
5679890611033; 8,590626; 5,001392; 18,799349;
5679900590281; 8,384686; 5,5211444; 17,328352;
5679910661082; 7,6491876; 6,2174163; 15,229729;
5679920762401; 6,4527764; 6,9431086; 12,866325;
5679930589061; 4,8052588; 7,511894; 10,483309;
5679940598827; 3,0694816; 8,002227; 8,325847;
5679950639111; 1,5886773; 8,423913; 6,3350964;
5679960557324; 0,15690641; 8,884825; 4,18744;
5679970567090; -1,5592575; 9,267285; 1,824037;
5679980668408; -3,5500076; 9,80665; -0,82375866;
5679990647655; -5,6388245; 10,473503; -3,785367;
5680000687938; -7,8355136; 11,042289; -6,9234953;
5680010575632; -9,7968445; 11,5032015; -10,365629;
5680020646434; -11,267841; 12,032761; -12,866325;
5680030564647; -12,26812; 12,17986; -14,61191;
5680040635448; -12,326961; 12,35638; -15,425861;
5680060563427; -11,591461; 12,35638; -14,955142;
5680070664746; -10,493116; 11,964113; -13,5822115;
5680080705030; -8,835792; 10,728477; -11,238421;
5680090653759; -6,550843; 9,512451; -7,6001544;
5680100694042; -3,7167206; 8,414106; -2,667409;
5680110642772; -0,7060788; 7,7080274; 3,030255;
5680120622019; 1,9221035; 7,080402; 8,600432;
5680130662303; 3,795174; 6,5606494; 12,807487;
5680140702586; 5,217138; 6,03109; 15,435669;
5680150651317; 6,23703; 6,0507035; 16,622272;
5680160661083; 6,805815; 6,374323; 16,269234;
5680170640332; 6,8450418; 6,766589; 14,906109;
5680180741650; 6,256643; 7,207888; 13,356659;
5680190629345; 5,383851; 7,6786075; 11,738561;
5680200639110; 4,4031863; 8,13952; 10,091043;
5680210587840; 3,2754214; 8,46314; 8,551399;
5680221268992; 2,0299768; 8,620047; 7,168661;
5680230668406; 0,8727919; 8,776953; 5,6584373;
5680240647655; -0,33342612; 9,110378; 3,8638203;
5680250596385; -1,8730704; 9,375158; 1,6671306;
5680260575634; -3,785367; 9,816457; -0,8825986;
5680270615917; -5,903604; 10,326404; -3,8638203;
5680280625683; -8,08068; 10,895189; -7,394214;
5680290604932; -10,110657; 11,444362; -11,307068;
5680300584179; -11,6895275; 11,7974; -15,161082;
5680310838085; -12,464252; 12,1700535; -17,583324;
5680320634227; -12,199473; 12,611352; -18,62283;
5680330613474; -11,414941; 12,160246; -17,249899;
5680340684275; -9,698777; 10,708862; -13,748924;
5680350724559; -6,8352356; 8,953472; -8,620047;
5680360581737; -3,030255; 7,158855; -1,4513842;
5680370560985; 1,824037; 5,7761173; 7,8355136;
5680380570751; 6,256643; 5,158298; 13,925444;
5680390580517; 8,933859; 4,2560863; 16,965506;
5680400742871; 10,551956; 3,9422734; 18,485537;
5680410630566; 10,914802; 4,5110593; 19,142582;
5680420609813; 9,787037; 5,472111; 16,994925;
5680430589061; 7,276535; 6,599876; 13,807764;
5680440659861; 4,3639593; 7,619767; 10,522536;
5680450700145; 1,3827378; 8,414106; 7,354988;
5680460587840; -1,2552513; 9,129992; 4,5306726;
5680470689159; -3,3146482; 9,630131; 1,8436503;
5680480607372; -5,128878; 9,924331; -1,206218;
5680490586621; -6,9529157; 10,238143; -4,5012527;
5680501084668; -8,825986; 10,473503; -8,090487;
5680510606152; -10,346017; 10,826543; -11,385521;
5680520554882; -11,6110735; 11,110935; -13,945057;
5680530595164; -12,415219; 11,356102; -15,582768;
5680540543894; -12,5329; 11,444362; -16,004454;
5680550584178; -11,738561; 11,356102; -14,9159155;
5680560563426; -9,973364; 10,502923; -12,317153;
5680570573192; -7,188275; 9,188831; -7,972807;
5680580674511; -3,4617476; 8,178747; -1,9319102;
5680590714794; 0,37265274; 7,5413146; 5,246558;
5680600724560; 3,3048413; 6,9136887; 11,88566;
5680610856397; 5,374045; 6,197803; 15,945614;
5680620591503; 6,8646555; 5,8643775; 17,877523;
5680630540233; 7,9826136; 6,138963; 17,985397;
5680640641551; 7,9531937; 6,4331627; 16,553627;
5680650834421; 7,1980815; 6,766589; 14,651136;
5680660600047; 5,8643775; 7,178468; 12,866325;
5680670670848; 4,412993; 7,6589937; 10,885382;
5680680619579; 3,0204484; 7,972807; 8,502366;
5680690568310; 1,6475173; 8,2768135; 6,06051;
5680700669628; 0,23535961; 8,66908; 3,5303943;
5680710648877; -1,3435112; 9,110378; 1,039505;
5680720597608; -3,2361946; 9,532064; -1,6475173;
5680730607373; -5,452498; 9,845878; -4,491446;
5680740556103; -7,433441; 10,316596; -7,217695;
5680750596385; -8,894632; 10,924609; -9,934136;
5680760606150; -9,855683; 11,513007; -12,130827;
5680770615916; -10,365629; 11,964113; -13,484145;
5680780564647; -10,39505; 12,160246; -13,680278;
5680790574413; -10,032203; 12,199473; -12,895745;
5680800645214; -9,286898; 11,767981; -11,3168745;
5680810593945; -7,913967; 10,797123; -8,953472;
5680820603711; -5,8055367; 9,816457; -5,3936577;
5680830582958; -3,3734877; 8,776953; -0,6766589;
5680840653759; -0,62762564; 7,864934; 5,158298;
5680850633006; 1,9515235; 7,217695; 10,836349;
5680860612253; 4,0991797; 6,717556; 14,70017;
5680870622019; 5,94283; 6,462583; 16,494785;
5680880570750; 6,982335; 6,482196; 16,60266;
5680890611034; 7,6786075; 6,717556; 15,86716;
5680900620800; 7,511894; 6,992142; 14,759009;
5680910691601; 6,7273626; 7,217695; 13,366465;
5680920609814; 5,6976643; 7,5020876; 11,669914;
5680930680615; 4,373766; 7,8355136; 9,787037;
5680940629345; 3,0106418; 8,1983595; 7,639381;
5680950669628; 1,490611; 8,620047; 5,2857847;
5680960679393; -0,22555298; 9,041732; 2,8145087;
5680970658640; -2,0495899; 9,522258; 0,34323275;
5680980729441; -4,15802; 10,07143; -2,275143;
5680990556102; -6,315483; 10,679443; -5,079845;
5681000962596; -8,267007; 11,238421; -7,972807;
5681010636669; -9,914524; 11,836627; -10,728477;
5681020646435; -10,895189; 12,336766; -12,787872;
5681030686719; -11,179583; 12,689806; -13,846991;
5681040665967; -10,806929; 12,689806; -13,778344;
5681050675732; -9,953751; 12,287733; -12,47406;
5681060624462; -8,365073; 11,307068; -10,01259;
5681070603709; -6,011477; 10,140077; -6,482196;
5681080705027; -3,059675; 8,865212; -1,3631245;
5681090775828; 0,058839902; 7,8257074; 4,775839;
5681110581737; 2,6772156; 6,894075; 10,63041;
5681120560986; 4,746419; 6,03109; 14,670749;
5681130601269; 6,187997; 5,501531; 16,739954;
5681140641553; 7,286341; 5,432884; 16,965506;
5681150620800; 7,8257074; 5,6976643; 15,739674;
5681160569530; 7,570734; 6,1095433; 13,905831;
5681170792918; 6,619489; 6,6292963; 11,934693;
5681180802683; 5,217138; 7,0902085; 9,973364;
5681190568308; 3,6382675; 7,590348; 7,9630003;
5681200700145; 1,9711367; 8,119907; 5,6878576;
5681210587840; 0,16671306; 8,629852; 3,2950346;
5681220597606; -1,8730704; 9,179025; 0,79433864;
5681230576855; -3,9520802; 9,7968445; -1,8338436;
5681240647656; -5,9330235; 10,51273; -4,6483526;
5681250596387; -7,570734; 11,218808; -7,345181;
5681260606152; -8,698499; 11,7974; -9,384964;
5681270646434; -9,424191; 12,228893; -10,561763;
5681280686717; -9,83607; 12,5329; -10,875576;
5681290665964; -9,845878; 12,640773; -10,551956;
5681300614695; -9,384964; 12,542706; -9,767424;
5681310654979; -8,443526; 12,15044; -8,453333;
5681320634227; -7,109822; 11,522815; -6,5018096;
5681330643993; -5,442691; 10,738282; -3,8638203;
5681340623242; -3,589234; 9,865491; -0,48052588;
5681350602490; -1,8044238; 9,149605; 3,2950346;
5681360642774; -0,34323275; 8,492559; 6,423356;
5681370591504; 0,9120185; 8,1101; 8,423913;
5681380692821; 1,8926835; 7,9924207; 9,277091;
5681390580516; 2,4712758; 7,84532; 9,384964;
5681400681834; 2,892962; 7,7668676; 9,384964;
5681410600047; 3,4127145; 7,6786075; 9,561484;
5681420640331; 4,0893736; 7,590348; 9,80665;
5681430589061; 4,913132; 7,207888; 10,198917;
5681440659863; 5,8643775; 6,766589; 10,816735;
5681450608593; 6,6292963; 6,286063; 11,5032015;
5681460679395; 6,854849; 6,080123; 11,836627;
5681470750195; 6,315483; 6,080123; 11,53262;
5681480546337; 5,5211444; 6,2762566; 10,620603;
5681490586619; 4,6777725; 6,8156223; 9,218252;
5681500596384; 3,6873007; 7,4236345; 7,4824743;
5681510758738; 2,304563; 8,247393; 5,727084;
5681520615916; 0,52955914; 9,100572; 3,755947;
5681530595165; -1,9122969; 9,953751; 1,7357771;
5681540727001; -4,687579; 10,954029; -0,5491724;
5681550614697; -7,276535; 11,807208; -3,2361946;
5681560563428; -9,169218; 12,50348; -6,256643;
5681570603711; -10,375437; 13,131105; -9,061345;
5681580643994; -10,934415; 13,474338; -10,77751;
5681590592724; -10,983448; 13,435112; -11,169775;
5681600663524; -10,63041; 13,082072; -10,42447;
5681610612254; -9,787037; 12,415219; -8,9436655;
5681620774607; -8,306233; 11,277649; -6,894075;
5681630601268; -6,14877; 10,091043; -4,2756996;
5681640611034; -3,2852278; 8,776953; -0,82375866;
5681652360302; -0,32361946; 7,6786075; 3,706914;
5681660600048; 2,1182365; 6,8646555; 8,531786;
5681670579297; 3,873627; 6,197803; 12,59174;
5681680680616; 5,7074704; 5,7565036; 14,876689;
5681690568310; 7,227502; 5,7565036; 15,317987;
5681700639110; 7,943387; 6,0212836; 14,5432625;
5681710587840; 7,815901; 6,354709; 13,082072;
5681720597605; 6,903882; 6,8352356; 11,434554;
5681730637889; 5,5211444; 7,384408; 9,649744;
5681740617137; 3,8638203; 7,9924207; 7,776674;
5681750657421; 2,0005567; 8,806373; 5,6584373;
5681760636669; 0,1372931; 9,522258; 3,3342612;
5681770646435; -1,598484; 10,21853; 0,8531786;
5681780717236; -3,118515; 10,865768; -1,6769372;
5681790574414; -4,4718328; 11,385521; -3,9128537;
5681800675731; -5,5897913; 11,6895275; -5,6878576;
5681810685496; -6,492003; 11,9445; -6,962722;
5681820634226; -7,080402; 12,189667; -7,7668676;
5681830613475; -7,4236345; 12,228893; -8,237586;
5681840684276; -7,384408; 12,081794; -8,443526;
5681850633007; -6,6685224; 11,718947; -7,9041605;
5681860642773; -5,442691; 11,032481; -6,2762566;
5681870683056; -3,5205877; 10,257756; -3,6873007;
5681880570752; -0,8924052; 9,326124; -0,049033254;
5681890580518; 2,0397832; 8,365073; 4,775839;
5681900590283; 4,6777725; 7,384408; 10,434276;
5681910600048; 6,344903; 6,3645163; 15,219921;
5681920762401; 7,237308; 5,5211444; 17,612745;
5681930589060; 7,207888; 5,079845; 18,809156;
5681940537791; 6,393936; 5,158298; 18,416891;
5681950639110; 5,148492; 5,7466974; 15,926001;
5681960618358; 3,2460015; 6,6685224; 12,572126;
5681970597607; 0,8433719; 7,688414; 8,835792;
5681980973584; -1,5886773; 8,737725; 4,766032;
5681990678174; -3,8245938; 9,757618; 0,41187933;
5682000871045; -5,7565036; 10,699056; -4,0991797;
5682010606152; -7,3157616; 11,356102; -8,178747;
5682020585399; -8,414106; 11,767981; -11,081514;
5682030686717; -8,992699; 12,111213; -12,650579;
5682040665965; -9,198638; 12,248507; -13,248785;
5682050614696; -9,159411; 12,15044; -13,072266;
5682060593944; -8,963279; 11,866047; -12,395606;
5682070634227; -8,512173; 11,356102; -11,238421;
5682080643993; -7,4824743; 10,659829; -9,541871;
5682090623242; -5,727084; 9,679164; -6,9725285;
5682100602490; -3,589234; 8,46314; -3,1675482;
5682110612255; -1,2650579; 7,296148; 1,824037;
5682120591503; 0,80414534; 6,187997; 7,7864804;
5682130601268; 0,80414534; 5,246558; 13,592017;
5682140672068; 2,667409; 5,1877184; 13,523372;
5682150620799; 4,5306726; 4,354153; 16,769373;
5682160569530; 6,040897; 3,648074; 18,38747;
5682170579296; 6,776396; 3,648074; 19,201422;
5682180589062; 6,8450418; 4,1384068; 18,740509;
5682190629345; 6,315483; 4,971972; 16,671307;
5682200669629; 5,226945; 6,0212836; 13,9548645;
5682210679395; 3,6088476; 7,001949; 11,179583;
5682220628125; 1,598484; 7,9924207; 8,423913;
5682230607372; -0,078453206; 9,041732; 5,8251505;
5682240678172; -1,5298375; 9,98317; 2,971415;
5682250626902; -2,981222; 10,77751; -0,34323275;
5682260606150; -4,5797057; 11,53262; -3,873627;
5682270585399; -6,08993; 12,189667; -7,178468;
5682280564647; -7,4530544; 12,738839; -10,032203;
5682290604931; -8,355267; 13,189945; -12,06218;
5682300584179; -8,855406; 13,405692; -13,219365;
5682310593945; -8,855406; 13,366465; -13,405692;
5682320603711; -8,46314; 13,013425; -12,542706;
5682330613476; -7,747254; 12,219087; -10,816735;
5682340623241; -6,374323; 11,120742; -8,2768135;
5682350602489; -4,5012527; 9,74781; -4,599319;
5682360581736; -2,4810827; 8,43372; -0,019613301;
5682370591502; -0,47071922; 7,188275; 5,354431;
5682380814891; 1,490611; 6,2272234; 10,669636;
5682390580517; 3,0008352; 5,6584373; 14,533457;
5682400651318; 3,873627; 5,2367516; 16,210394;
5682410539013; 4,569899; 5,040618; 16,592852;
5682420670850; 4,795452; 5,197525; 16,04368;
5682430863720; 4,6483526; 5,472111; 14,925722;
5682440659862; 4,354153; 5,8545704; 13,631245;
5682450578074; 3,8932402; 6,2762566; 12,26812;
5682460587840; 3,4715543; 6,6979423; 10,836349;
5682470841747; 3,0400615; 7,070595; 9,335931;
5682480698925; 2,4026294; 7,521701; 7,668801;
5682490586621; 1,6377107; 8,002227; 5,8741837;
5682500565869; 0,66685224; 8,5710125; 3,9716935;
5682510819775; -0,58839905; 9,179025; 1,9809434;
5682520585399; -1,8828769; 9,845878; -0,09806651;
5682530778270; -3,4029076; 10,522536; -2,3535962;
5682540604930; -4,883712; 11,199195; -4,4718328;
5682550614696; -6,2174163; 11,836627; -6,344903;
5682560593945; -7,227502; 12,464252; -7,972807;
5682570603711; -7,894354; 13,052652; -9,149605;
5682580582959; -8,22778; 13,3958845; -9,767424;
5682590592724; -8,012033; 13,513564; -9,669357;
5682600724559; -7,521701; 13,278205; -8,953472;
5682610581737; -6,982335; 12,827099; -7,806094;
5682620622020; -6,2076097; 12,111213; -6,197803;
5682630631786; -5,217138; 11,258035; -3,795174;
5682640672070; -4,148213; 10,18911; -1,010085;
5682650651318; -2,8145087; 9,002505; 2,3241763;
5682660600049; -1,3925444; 7,9630003; 5,9330235;
5682670640332; 0,117679805; 7,070595; 9,355545;
5682680619579; 1,5592575; 6,482196; 11,777788;
5682690659862; 2,9223819; 5,94283; 12,895745;
5682700669628; 4,0991797; 5,5505643; 13,189945;
5682710679394; 4,8640985; 5,1779113; 13,229172;
5682720658642; 5,3446245; 5,030812; 13,199752;
5682730668408; 5,5897913; 4,991585; 13,023232;
5682740647656; 5,6388245; 5,0700383; 12,444639;
5682750779492; 5,4819174; 5,334818; 11,591461;
5682760606151; 5,021005; 5,736891; 10,502923;
5682770646434; 4,0795665; 6,187997; 9,129992;
5682781083446; 2,7948956; 6,7469754; 7,894354;
5682790727001; 1,372931; 7,4530544; 6,756782;
5682800736767; -0,049033254; 8,296426; 5,668244;
5682810624463; -1,3337045; 9,179025; 4,108987;
5682820573194; -2,716442; 10,140077; 1,8926835;
5682830613476; -4,04034; 11,267841; -0,7453055;
5682840684276; -5,678051; 12,140634; -3,618654;
5682850571971; -7,384408; 12,738839; -6,168383;
5682860703807; -8,649466; 13,366465; -8,1101;
5682870591503; -9,286898; 13,729311; -9,306512;
5682880967480; -9,110378; 13,974477; -9,384964;
5682890611035; -8,776953; 13,601825; -8,698499;
5682900590283; -7,8551273; 12,905553; -7,4040213;
5682910630566; -6,354709; 11,905274; -5,2367516;
5682920701366; -4,18744; 10,689249; -2,3928227;
5682930650096; -1,5102242; 9,110378; 1,372931;
5682940751415; 1,2160246; 7,2471147; 6,3645163;
5682950578075; 3,706914; 5,893797; 11,7974;
5682960557324; 5,560371; 4,9817786; 15,700448;
5682970597607; 6,129156; 4,393379; 17,426418;
5682980698926; 5,6486306; 4,1384068; 16,936087;
5682990617138; 4,7562256; 4,550286; 15,004175;
5683001145702; 3,6676872; 5,5995975; 12,434833;
5683010667186; 2,716442; 6,717556; 9,345738;
